Node,Layer,HR,EPR,WR,UR
1,1,.000000000000000,.000000000000000,-.6504020781034009E-02,.6504020781034009E-02
2,1,.000000000000000,.000000000000000,-.6733623603956978E-02,.6733623603956978E-02
3,1,.000000000000000,.000000000000000,-.7090667719136671E-02,.7090667719136671E-02
4,1,.000000000000000,.000000000000000,-.6890387223719241E-02,.6890387223719241E-02
5,1,.000000000000000,.000000000000000,-.6712861798776332E-02,.6712861798776332E-02
6,1,.000000000000000,.000000000000000,-.6865663687030611E-02,.6865663687030611E-02
7,1,.000000000000000,.000000000000000,-.6231599209002925E-02,.6231599209002925E-02
8,1,.000000000000000,.000000000000000,-.7444907625344734E-02,.7444907625344734E-02
9,1,.000000000000000,.000000000000000,-.7495845323610272E-02,.7495845323610272E-02
10,1,.000000000000000,.000000000000000,-.6973149330353270E-02,.6973149330353270E-02
11,1,.000000000000000,.000000000000000,-.7803332014916728E-02,.7803332014916728E-02
12,1,.000000000000000,.000000000000000,-.6678479974509794E-02,.6678479974509794E-02
13,1,.000000000000000,.000000000000000,-.6619522941035435E-02,.6619522941035435E-02
14,1,.000000000000000,.000000000000000,-.6386426848280653E-02,.6386426848280653E-02
15,1,.000000000000000,.000000000000000,-.6925484200166448E-02,.6925484200166448E-02
16,1,.000000000000000,.000000000000000,-.7382962889014617E-02,.7382962889014617E-02
17,1,.000000000000000,.000000000000000,-.6633787036388093E-02,.6633787036388093E-02
18,1,.000000000000000,.000000000000000,-.6832621313549092E-02,.6832621313549092E-02
19,1,.000000000000000,.000000000000000,-.7106558347021756E-02,.7106558347021756E-02
20,1,.000000000000000,.000000000000000,-.6766389332725457E-02,.6766389332725457E-02
21,1,.000000000000000,.000000000000000,-.7182372491791578E-02,.7182372491791578E-02
22,1,.000000000000000,.000000000000000,-.6819664770198916E-02,.6819664770198916E-02
23,1,.000000000000000,.000000000000000,-.7067349505131769E-02,.7067349505131769E-02
24,1,.000000000000000,.000000000000000,-.5997366628633006E-02,.5997366628633006E-02
25,1,.000000000000000,.000000000000000,-.7138786850111788E-02,.7138786850111788E-02
26,1,.000000000000000,.000000000000000,-.7314391396413376E-02,.7314391396413376E-02
27,1,.000000000000000,.000000000000000,-.6311413733887787E-02,.6311413733887787E-02
28,1,.000000000000000,.000000000000000,-.5826267895475326E-02,.5826267895475326E-02
29,1,.000000000000000,.000000000000000,-.6208641481604456E-02,.6208641481604456E-02
30,1,.000000000000000,.000000000000000,-.6663551736017109E-02,.6663551736017109E-02
31,1,.000000000000000,.000000000000000,-.6388596499716861E-02,.6388596499716861E-02
32,1,.000000000000000,.000000000000000,-.6433198093444061E-02,.6433198093444061E-02
33,1,.000000000000000,.000000000000000,-.6595381350100027E-02,.6595381350100027E-02
34,1,.000000000000000,.000000000000000,-.6785608822437028E-02,.6785608822437028E-02
35,1,.000000000000000,.000000000000000,-.7333097867198496E-02,.7333097867198496E-02
36,1,.000000000000000,.000000000000000,-.7956028900831894E-02,.7956028900831894E-02
37,1,.000000000000000,.000000000000000,-.6331489622118124E-02,.6331489622118124E-02
38,1,.000000000000000,.000000000000000,-.6672848018041169E-02,.6672848018041169E-02
39,1,.000000000000000,.000000000000000,-.6077379480202092E-02,.6077379480202092E-02
40,1,.000000000000000,.000000000000000,-.5928809800864911E-02,.5928809800864911E-02
41,1,.000000000000000,.000000000000000,-.6891573486118814E-02,.6891573486118814E-02
42,1,.000000000000000,.000000000000000,-.6487322708052123E-02,.6487322708052123E-02
43,1,.000000000000000,.000000000000000,-.7058631653292738E-02,.7058631653292738E-02
44,1,.000000000000000,.000000000000000,-.5888288545945996E-02,.5888288545945996E-02
45,1,.000000000000000,.000000000000000,-.6477603765618318E-02,.6477603765618318E-02
46,1,.000000000000000,.000000000000000,-.7375252034418054E-02,.7375252034418054E-02
47,1,.000000000000000,.000000000000000,-.7506239411343113E-02,.7506239411343113E-02
48,1,.000000000000000,.000000000000000,-.6295090418953332E-02,.6295090418953332E-02
49,1,.000000000000000,.000000000000000,-.6680207532742712E-02,.6680207532742712E-02
50,1,.000000000000000,.000000000000000,-.6514563932738025E-02,.6514563932738025E-02
51,1,.000000000000000,.000000000000000,-.7138622606751637E-02,.7138622606751637E-02
52,1,.000000000000000,.000000000000000,-.7675434978796353E-02,.7675434978796353E-02
53,1,.000000000000000,.000000000000000,-.5865614262132873E-02,.5865614262132873E-02
54,1,.000000000000000,.000000000000000,-.6624801029173631E-02,.6624801029173631E-02
55,1,.000000000000000,.000000000000000,-.6361674487000470E-02,.6361674487000470E-02
56,1,.000000000000000,.000000000000000,-.6497457381247633E-02,.6497457381247633E-02
57,1,.000000000000000,.000000000000000,-.7326313544059286E-02,.7326313544059286E-02
58,1,.000000000000000,.000000000000000,-.7182706369475024E-02,.7182706369475024E-02
59,1,.000000000000000,.000000000000000,-.7851994907371953E-02,.7851994907371953E-02
60,1,.000000000000000,.000000000000000,-.7760153372803001E-02,.7760153372803001E-02
61,1,.000000000000000,.000000000000000,-.7016534690331484E-02,.7016534690331484E-02
62,1,.000000000000000,.000000000000000,-.7164978549704415E-02,.7164978549704415E-02
63,1,.000000000000000,.000000000000000,-.6650322163618709E-02,.6650322163618709E-02
64,1,.000000000000000,.000000000000000,-.7324487067209774E-02,.7324487067209774E-02
65,1,.000000000000000,.000000000000000,-.6927326364169594E-02,.6927326364169594E-02
66,1,.000000000000000,.000000000000000,-.8196149336969563E-02,.8196149336969563E-02
67,1,.000000000000000,.000000000000000,-.8209702618430391E-02,.8209702618430391E-02
68,1,.000000000000000,.000000000000000,-.8807645549467957E-02,.8807645549467957E-02
69,1,.000000000000000,.000000000000000,-.9745849913813725E-02,.9745849913813725E-02
70,1,.000000000000000,.000000000000000,-.1000492206893364E-01,.1000492206893364E-01
71,1,.000000000000000,.000000000000000,-.1059314773489117E-01,.1059314773489117E-01
72,1,.000000000000000,.000000000000000,-.1066440598905545E-01,.1066440598905545E-01
73,1,.000000000000000,.000000000000000,-.1062103159085366E-01,.1062103159085366E-01
74,1,.000000000000000,.000000000000000,-.8352282396668206E-02,.8352282396668206E-02
75,1,.000000000000000,.000000000000000,-.8057171534418320E-02,.8057171534418320E-02
76,1,.000000000000000,.000000000000000,-.6990738218330398E-02,.6990738218330398E-02
77,1,.000000000000000,.000000000000000,-.8202513465241526E-02,.8202513465241526E-02
78,1,.000000000000000,.000000000000000,-.8354346827103469E-02,.8354346827103469E-02
79,1,.000000000000000,.000000000000000,-.7671347324321464E-02,.7671347324321464E-02
80,1,.000000000000000,.000000000000000,-.6257473422632117E-02,.6257473422632117E-02
81,1,.000000000000000,.000000000000000,-.6458695160599667E-02,.6458695160599667E-02
82,1,.000000000000000,.000000000000000,-.8008690519894775E-02,.8008690519894775E-02
83,1,.000000000000000,.000000000000000,-.6404981974018543E-02,.6404981974018543E-02
84,1,.000000000000000,.000000000000000,-.7186267140213788E-02,.7186267140213788E-02
85,1,.000000000000000,.000000000000000,-.6588386235715629E-02,.6588386235715629E-02
86,1,.000000000000000,.000000000000000,-.7402252670457055E-02,.7402252670457055E-02
87,1,.000000000000000,.000000000000000,-.6737999805526191E-02,.6737999805526191E-02
88,1,.000000000000000,.000000000000000,-.6818724108011888E-02,.6818724108011888E-02
89,1,.000000000000000,.000000000000000,-.7386535123204175E-02,.7386535123204175E-02
90,1,.000000000000000,.000000000000000,-.6206149440241135E-02,.6206149440241135E-02
91,1,.000000000000000,.000000000000000,-.7459973200860676E-02,.7459973200860676E-02
92,1,.000000000000000,.000000000000000,-.7397023650608455E-02,.7397023650608455E-02
93,1,.000000000000000,.000000000000000,-.7662334697748749E-02,.7662334697748749E-02
94,1,.000000000000000,.000000000000000,-.1140254523780309E-01,.1140254523780309E-01
95,1,.000000000000000,.000000000000000,-.1247217576947023E-01,.1247217576947023E-01
96,1,.000000000000000,.000000000000000,-.1731165704459571E-01,.1731165704459571E-01
97,1,.000000000000000,.000000000000000,-.1549481043886817E-01,.1549481043886817E-01
98,1,.000000000000000,.000000000000000,-.1923031384362182E-01,.1923031384362182E-01
99,1,.000000000000000,.000000000000000,-.1958050025290873E-01,.1958050025290873E-01
100,1,.000000000000000,.000000000000000,-.2200513492995266E-01,.2200513492995266E-01
101,1,.000000000000000,.000000000000000,-.1631363096593406E-01,.1631363096593406E-01
102,1,.000000000000000,.000000000000000,-.1179603916335206E-01,.1179603916335206E-01
103,1,.000000000000000,.000000000000000,-.1539905162102649E-01,.1539905162102649E-01
104,1,.000000000000000,.000000000000000,-.1729178229525142E-01,.1729178229525142E-01
105,1,.000000000000000,.000000000000000,-.1134431486757484E-01,.1134431486757484E-01
106,1,.000000000000000,.000000000000000,-.1187083765390592E-01,.1187083765390592E-01
107,1,.000000000000000,.000000000000000,-.9419385341070572E-02,.9419385341070572E-02
108,1,.000000000000000,.000000000000000,-.7494068345113038E-02,.7494068345113038E-02
109,1,.000000000000000,.000000000000000,-.6955346808193437E-02,.6955346808193437E-02
110,1,.000000000000000,.000000000000000,-.6309554724684591E-02,.6309554724684591E-02
111,1,.000000000000000,.000000000000000,-.6919021076637831E-02,.6919021076637831E-02
112,1,.000000000000000,.000000000000000,-.6415659217129498E-02,.6415659217129498E-02
113,1,.000000000000000,.000000000000000,-.7338222016908910E-02,.7338222016908910E-02
114,1,.000000000000000,.000000000000000,-.7094790312903927E-02,.7094790312903927E-02
115,1,.000000000000000,.000000000000000,-.7025670647899730E-02,.7025670647899730E-02
116,1,.000000000000000,.000000000000000,-.6443999185293040E-02,.6443999185293040E-02
117,1,.000000000000000,.000000000000000,-.6815029349829503E-02,.6815029349829503E-02
118,1,.000000000000000,.000000000000000,-.7558199410064865E-02,.7558199410064865E-02
119,1,.000000000000000,.000000000000000,-.8411446257350951E-02,.8411446257350951E-02
120,1,.000000000000000,.000000000000000,-.9048398152224963E-02,.9048398152224963E-02
121,1,.000000000000000,.000000000000000,-.1372036279313351E-01,.1372036279313351E-01
122,1,.000000000000000,.000000000000000,-.2012081883813023E-01,.2012081883813023E-01
123,1,.000000000000000,.000000000000000,-.2341752971655543E-01,.2341752971655543E-01
124,1,.000000000000000,.000000000000000,-.3119320800394809E-01,.3119320800394809E-01
125,1,.000000000000000,.000000000000000,-.3357609410320547E-01,.3357609410320547E-01
126,1,.000000000000000,.000000000000000,-.3452057030899007E-01,.3452057030899007E-01
127,1,.000000000000000,.000000000000000,-.2964848320635773E-01,.2964848320635773E-01
128,1,.000000000000000,.000000000000000,-.4000597875838965E-01,.4000597875838965E-01
129,1,.000000000000000,.000000000000000,-.3096597740063425E-01,.3096597740063425E-01
130,1,.000000000000000,.000000000000000,-.2735435664699256E-01,.2735435664699256E-01
131,1,.000000000000000,.000000000000000,-.2395730319743134E-01,.2395730319743134E-01
132,1,.000000000000000,.000000000000000,-.2055276682255331E-01,.2055276682255331E-01
133,1,.000000000000000,.000000000000000,-.1594612743425833E-01,.1594612743425833E-01
134,1,.000000000000000,.000000000000000,-.1929698535880030E-01,.1929698535880030E-01
135,1,.000000000000000,.000000000000000,-.1362959742850635E-01,.1362959742850635E-01
136,1,.000000000000000,.000000000000000,-.1121580083377178E-01,.1121580083377178E-01
137,1,.000000000000000,.000000000000000,-.8420152206037907E-02,.8420152206037907E-02
138,1,.000000000000000,.000000000000000,-.7671931187785196E-02,.7671931187785196E-02
139,1,.000000000000000,.000000000000000,-.6684404066391783E-02,.6684404066391783E-02
140,1,.000000000000000,.000000000000000,-.7546608455306456E-02,.7546608455306456E-02
141,1,.000000000000000,.000000000000000,-.6493415037400477E-02,.6493415037400477E-02
142,1,.000000000000000,.000000000000000,-.6782612281056571E-02,.6782612281056571E-02
143,1,.000000000000000,.000000000000000,-.5958623341809069E-02,.5958623341809069E-02
144,1,.000000000000000,.000000000000000,-.7136857495780729E-02,.7136857495780729E-02
145,1,.000000000000000,.000000000000000,-.7285183823912549E-02,.7285183823912549E-02
146,1,.000000000000000,.000000000000000,-.1026701278177291E-01,.1026701278177291E-01
147,1,.000000000000000,.000000000000000,-.1140938345213599E-01,.1140938345213599E-01
148,1,.000000000000000,.000000000000000,-.1243580854196960E-01,.1243580854196960E-01
149,1,.000000000000000,.000000000000000,-.1652573273116660E-01,.1652573273116660E-01
150,1,.000000000000000,.000000000000000,-.1782262818913070E-01,.1782262818913070E-01
151,1,.000000000000000,.000000000000000,-.2825628966021747E-01,.2825628966021747E-01
152,1,.000000000000000,.000000000000000,-.3345610075082842E-01,.3345610075082842E-01
153,1,.000000000000000,.000000000000000,-.3220285022534899E-01,.3220285022534899E-01
154,1,.000000000000000,.000000000000000,-.3961578013861992E-01,.3961578013861992E-01
155,1,.000000000000000,.000000000000000,-.3837615775182147E-01,.3837615775182147E-01
156,1,.000000000000000,.000000000000000,-.3994265679030769E-01,.3994265679030769E-01
157,1,.000000000000000,.000000000000000,-.4070342050710424E-01,.4070342050710424E-01
158,1,.000000000000000,.000000000000000,-.4130562738515022E-01,.4130562738515022E-01
159,1,.000000000000000,.000000000000000,-.3825066621806549E-01,.3825066621806549E-01
160,1,.000000000000000,.000000000000000,-.3732537931555913E-01,.3732537931555913E-01
161,1,.000000000000000,.000000000000000,-.2952792555172875E-01,.2952792555172875E-01
162,1,.000000000000000,.000000000000000,-.1783810052935367E-01,.1783810052935367E-01
163,1,.000000000000000,.000000000000000,-.1525059533741541E-01,.1525059533741541E-01
164,1,.000000000000000,.000000000000000,-.1799537657161713E-01,.1799537657161713E-01
165,1,.000000000000000,.000000000000000,-.1032267342461561E-01,.1032267342461561E-01
166,1,.000000000000000,.000000000000000,-.7145435642018137E-02,.7145435642018137E-02
167,1,.000000000000000,.000000000000000,-.7076596242639816E-02,.7076596242639816E-02
168,1,.000000000000000,.000000000000000,-.7269132938218346E-02,.7269132938218346E-02
169,1,.000000000000000,.000000000000000,-.6224236139450246E-02,.6224236139450246E-02
170,1,.000000000000000,.000000000000000,-.5956069042192612E-02,.5956069042192612E-02
171,1,.000000000000000,.000000000000000,-.6105140052384695E-02,.6105140052384695E-02
172,1,.000000000000000,.000000000000000,-.6763381161375735E-02,.6763381161375735E-02
173,1,.000000000000000,.000000000000000,-.8914741462235622E-02,.8914741462235622E-02
174,1,.000000000000000,.000000000000000,-.1162573264273109E-01,.1162573264273109E-01
175,1,.000000000000000,.000000000000000,-.1649849940847532E-01,.1649849940847532E-01
176,1,.000000000000000,.000000000000000,-.1739439250558123E-01,.1739439250558123E-01
177,1,.000000000000000,.000000000000000,-.2347038255936710E-01,.2347038255936710E-01
178,1,.000000000000000,.000000000000000,-.3179242927808717E-01,.3179242927808717E-01
179,1,.000000000000000,.000000000000000,-.3791116491596414E-01,.3791116491596414E-01
180,1,.000000000000000,.000000000000000,-.3725236457241517E-01,.3725236457241517E-01
181,1,.000000000000000,.000000000000000,-.3321663024691202E-01,.3321663024691202E-01
182,1,.000000000000000,.000000000000000,-.4873235437864293E-01,.4873235437864293E-01
183,1,.000000000000000,.000000000000000,-.5539569497888289E-01,.5539569497888289E-01
184,1,.000000000000000,.000000000000000,-.5586766251367033E-01,.5586766251367033E-01
185,1,.000000000000000,.000000000000000,-.5207392451720922E-01,.5207392451720922E-01
186,1,.000000000000000,.000000000000000,-.4104455200925215E-01,.4104455200925215E-01
187,1,.000000000000000,.000000000000000,-.5326201586582687E-01,.5326201586582687E-01
188,1,.000000000000000,.000000000000000,-.4132010574988564E-01,.4132010574988564E-01
189,1,.000000000000000,.000000000000000,-.3389006524043776E-01,.3389006524043776E-01
190,1,.000000000000000,.000000000000000,-.2012105123108058E-01,.2012105123108058E-01
191,1,.000000000000000,.000000000000000,-.1954123345885957E-01,.1954123345885957E-01
192,1,.000000000000000,.000000000000000,-.2137485509907295E-01,.2137485509907295E-01
193,1,.000000000000000,.000000000000000,-.1664436973840499E-01,.1664436973840499E-01
194,1,.000000000000000,.000000000000000,-.9364033062237490E-02,.9364033062237490E-02
195,1,.000000000000000,.000000000000000,-.9007411465756255E-02,.9007411465756255E-02
196,1,.000000000000000,.000000000000000,-.6376806480660153E-02,.6376806480660153E-02
197,1,.000000000000000,.000000000000000,-.6171123669315999E-02,.6171123669315999E-02
198,1,.000000000000000,.000000000000000,-.7081418809507804E-02,.7081418809507804E-02
199,1,.000000000000000,.000000000000000,-.7704691659727198E-02,.7704691659727198E-02
200,1,.000000000000000,.000000000000000,-.7643860574746941E-02,.7643860574746941E-02
201,1,.000000000000000,.000000000000000,-.1020115489429962E-01,.1020115489429962E-01
202,1,.000000000000000,.000000000000000,-.1584677023189114E-01,.1584677023189114E-01
203,1,.000000000000000,.000000000000000,-.1738174230100457E-01,.1738174230100457E-01
204,1,.000000000000000,.000000000000000,-.2442968801295105E-01,.2442968801295105E-01
205,1,.000000000000000,.000000000000000,-.3255305287439354E-01,.3255305287439354E-01
206,1,.000000000000000,.000000000000000,-.3098851182656996E-01,.3098851182656996E-01
207,1,.000000000000000,.000000000000000,-.3772936052875588E-01,.3772936052875588E-01
208,1,.000000000000000,.000000000000000,-.3554044742465434E-01,.3554044742465434E-01
209,1,.000000000000000,.000000000000000,-.4113214456232132E-01,.4113214456232132E-01
210,1,.000000000000000,.000000000000000,-.6083684270875178E-01,.6083684270875178E-01
211,1,.000000000000000,.000000000000000,-.6564187605663012E-01,.6564187605663012E-01
212,1,.000000000000000,.000000000000000,-.6400870486355119E-01,.6400870486355119E-01
213,1,.000000000000000,.000000000000000,-.5333255303782972E-01,.5333255303782972E-01
214,1,.000000000000000,.000000000000000,-.5019222780799940E-01,.5019222780799940E-01
215,1,.000000000000000,.000000000000000,-.5273295759847388E-01,.5273295759847388E-01
216,1,.000000000000000,.000000000000000,-.4856000462977900E-01,.4856000462977900E-01
217,1,.000000000000000,.000000000000000,-.4302808606493386E-01,.4302808606493386E-01
218,1,.000000000000000,.000000000000000,-.2523549264285987E-01,.2523549264285987E-01
219,1,.000000000000000,.000000000000000,-.2573347803348771E-01,.2573347803348771E-01
220,1,.000000000000000,.000000000000000,-.3028474641515819E-01,.3028474641515819E-01
221,1,.000000000000000,.000000000000000,-.1737125053453033E-01,.1737125053453033E-01
222,1,.000000000000000,.000000000000000,-.1423803946054539E-01,.1423803946054539E-01
223,1,.000000000000000,.000000000000000,-.7208959030147946E-02,.7208959030147946E-02
224,1,.000000000000000,.000000000000000,-.8157324511662368E-02,.8157324511662368E-02
225,1,.000000000000000,.000000000000000,-.6983944272715986E-02,.6983944272715986E-02
226,1,.000000000000000,.000000000000000,-.5946850941706666E-02,.5946850941706666E-02
227,1,.000000000000000,.000000000000000,-.6656960565097780E-02,.6656960565097780E-02
228,1,.000000000000000,.000000000000000,-.7589191368258135E-02,.7589191368258135E-02
229,1,.000000000000000,.000000000000000,-.1412427532554986E-01,.1412427532554986E-01
230,1,.000000000000000,.000000000000000,-.1690308990393454E-01,.1690308990393454E-01
231,1,.000000000000000,.000000000000000,-.1841038462816708E-01,.1841038462816708E-01
232,1,.000000000000000,.000000000000000,-.2466719813703825E-01,.2466719813703825E-01
233,1,.000000000000000,.000000000000000,-.2567996146662648E-01,.2567996146662648E-01
234,1,.000000000000000,.000000000000000,-.3234457943182697E-01,.3234457943182697E-01
235,1,.000000000000000,.000000000000000,-.2958264420175308E-01,.2958264420175308E-01
236,1,.000000000000000,.000000000000000,-.4613178622332195E-01,.4613178622332195E-01
237,1,.000000000000000,.000000000000000,-.5386322600447518E-01,.5386322600447518E-01
238,1,.000000000000000,.000000000000000,-.5761300757629868E-01,.5761300757629868E-01
239,1,.000000000000000,.000000000000000,-.7422932064443870E-01,.7422932064443870E-01
240,1,.000000000000000,.000000000000000,-.6115243795158094E-01,.6115243795158094E-01
241,1,.000000000000000,.000000000000000,-.5334306047617295E-01,.5334306047617295E-01
242,1,.000000000000000,.000000000000000,-.5705459817286759E-01,.5705459817286759E-01
243,1,.000000000000000,.000000000000000,-.5770538044659840E-01,.5770538044659840E-01
244,1,.000000000000000,.000000000000000,-.3918845733049206E-01,.3918845733049206E-01
245,1,.000000000000000,.000000000000000,-.3488645857624173E-01,.3488645857624173E-01
246,1,.000000000000000,.000000000000000,-.3214700079200949E-01,.3214700079200949E-01
247,1,.000000000000000,.000000000000000,-.3208691347971362E-01,.3208691347971362E-01
248,1,.000000000000000,.000000000000000,-.3326170614933215E-01,.3326170614933215E-01
249,1,.000000000000000,.000000000000000,-.3737172939312770E-01,.3737172939312770E-01
250,1,.000000000000000,.000000000000000,-.1931255997985425E-01,.1931255997985425E-01
251,1,.000000000000000,.000000000000000,-.8196589247161490E-02,.8196589247161490E-02
252,1,.000000000000000,.000000000000000,-.7662515001828055E-02,.7662515001828055E-02
253,1,.000000000000000,.000000000000000,-.7104239014386053E-02,.7104239014386053E-02
254,1,.000000000000000,.000000000000000,-.6012700868231291E-02,.6012700868231291E-02
255,1,.000000000000000,.000000000000000,-.7922334718396807E-02,.7922334718396807E-02
256,1,.000000000000000,.000000000000000,-.7737769517064944E-02,.7737769517064944E-02
257,1,.000000000000000,.000000000000000,-.1427220214400220E-01,.1427220214400220E-01
258,1,.000000000000000,.000000000000000,-.1580863418546359E-01,.1580863418546359E-01
259,1,.000000000000000,.000000000000000,-.2221691065056692E-01,.2221691065056692E-01
260,1,.000000000000000,.000000000000000,-.1883077601315648E-01,.1883077601315648E-01
261,1,.000000000000000,.000000000000000,-.3349893784226896E-01,.3349893784226896E-01
262,1,.000000000000000,.000000000000000,-.3695195457121539E-01,.3695195457121539E-01
263,1,.000000000000000,.000000000000000,-.3787027366807370E-01,.3787027366807370E-01
264,1,.000000000000000,.000000000000000,-.5033746572669909E-01,.5033746572669909E-01
265,1,.000000000000000,.000000000000000,-.5801154788414518E-01,.5801154788414518E-01
266,1,.000000000000000,.000000000000000,-.8455761760887673E-01,.8455761760887673E-01
267,1,.000000000000000,.000000000000000,-.1010068944455340,.1010068944455340
268,1,.000000000000000,.000000000000000,-.7991456745426946E-01,.7991456745426946E-01
269,1,.000000000000000,.000000000000000,-.8337256671909693E-01,.8337256671909693E-01
270,1,.000000000000000,.000000000000000,-.8259085342970023E-01,.8259085342970023E-01
271,1,.000000000000000,.000000000000000,-.7031007657535773E-01,.7031007657535773E-01
272,1,.000000000000000,.000000000000000,-.6049151260347377E-01,.6049151260347377E-01
273,1,.000000000000000,.000000000000000,-.5185267631185179E-01,.5185267631185179E-01
274,1,.000000000000000,.000000000000000,-.3765079481756779E-01,.3765079481756779E-01
275,1,.000000000000000,.000000000000000,-.4158014742016822E-01,.4158014742016822E-01
276,1,.000000000000000,.000000000000000,-.3382684629953922E-01,.3382684629953922E-01
277,1,.000000000000000,.000000000000000,-.4193022718896700E-01,.4193022718896700E-01
278,1,.000000000000000,.000000000000000,-.2260946450588988E-01,.2260946450588988E-01
279,1,.000000000000000,.000000000000000,-.1019017968358060E-01,.1019017968358060E-01
280,1,.000000000000000,.000000000000000,-.7371688951664436E-02,.7371688951664436E-02
281,1,.000000000000000,.000000000000000,-.6390381884215741E-02,.6390381884215741E-02
282,1,.000000000000000,.000000000000000,-.6730477771951396E-02,.6730477771951396E-02
283,1,.000000000000000,.000000000000000,-.6363201874884500E-02,.6363201874884500E-02
284,1,.000000000000000,.000000000000000,-.9648450138233376E-02,.9648450138233376E-02
285,1,.000000000000000,.000000000000000,-.1155729948389814E-01,.1155729948389814E-01
286,1,.000000000000000,.000000000000000,-.1432075525614408E-01,.1432075525614408E-01
287,1,.000000000000000,.000000000000000,-.2658328620795951E-01,.2658328620795951E-01
288,1,.000000000000000,.000000000000000,-.2394872279090188E-01,.2394872279090188E-01
289,1,.000000000000000,.000000000000000,-.2806070961899073E-01,.2806070961899073E-01
290,1,.000000000000000,.000000000000000,-.4451915303167815E-01,.4451915303167815E-01
291,1,.000000000000000,.000000000000000,-.4729542318848411E-01,.4729542318848411E-01
292,1,.000000000000000,.000000000000000,-.5191934601967737E-01,.5191934601967737E-01
293,1,.000000000000000,.000000000000000,-.7724179194006163E-01,.7724179194006163E-01
294,1,.000000000000000,.000000000000000,-.1019341233642187,.1019341233642187
295,1,.000000000000000,.000000000000000,-.1063117666300689,.1063117666300689
296,1,.000000000000000,.000000000000000,-.7936226810509542E-01,.7936226810509542E-01
297,1,.000000000000000,.000000000000000,-.7569272769045388E-01,.7569272769045388E-01
298,1,.000000000000000,.000000000000000,-.7204419399961139E-01,.7204419399961139E-01
299,1,.000000000000000,.000000000000000,-.6502871946644669E-01,.6502871946644669E-01
300,1,.000000000000000,.000000000000000,-.5568578676407036E-01,.5568578676407036E-01
301,1,.000000000000000,.000000000000000,-.5415161952295307E-01,.5415161952295307E-01
302,1,.000000000000000,.000000000000000,-.4144616778507805E-01,.4144616778507805E-01
303,1,.000000000000000,.000000000000000,-.3634583651271187E-01,.3634583651271187E-01
304,1,.000000000000000,.000000000000000,-.4129629156643884E-01,.4129629156643884E-01
305,1,.000000000000000,.000000000000000,-.3732093009605670E-01,.3732093009605670E-01
306,1,.000000000000000,.000000000000000,-.2515887176146332E-01,.2515887176146332E-01
307,1,.000000000000000,.000000000000000,-.7969901682199278E-02,.7969901682199278E-02
308,1,.000000000000000,.000000000000000,-.6671854782872281E-02,.6671854782872281E-02
309,1,.000000000000000,.000000000000000,-.6335190014869993E-02,.6335190014869993E-02
310,1,.000000000000000,.000000000000000,-.6405763131084347E-02,.6405763131084347E-02
311,1,.000000000000000,.000000000000000,-.9140362833908592E-02,.9140362833908592E-02
312,1,.000000000000000,.000000000000000,-.1041740953875512E-01,.1041740953875512E-01
313,1,.000000000000000,.000000000000000,-.1706881606875239E-01,.1706881606875239E-01
314,1,.000000000000000,.000000000000000,-.1760212344066180E-01,.1760212344066180E-01
315,1,.000000000000000,.000000000000000,-.2503362930374553E-01,.2503362930374553E-01
316,1,.000000000000000,.000000000000000,-.2822847634713774E-01,.2822847634713774E-01
317,1,.000000000000000,.000000000000000,-.3195013457620897E-01,.3195013457620897E-01
318,1,.000000000000000,.000000000000000,-.5448987404062515E-01,.5448987404062515E-01
319,1,.000000000000000,.000000000000000,-.5566854640823990E-01,.5566854640823990E-01
320,1,.000000000000000,.000000000000000,-.6651717682203946E-01,.6651717682203946E-01
321,1,.000000000000000,.000000000000000,-.9784589134082654E-01,.9784589134082654E-01
322,1,.000000000000000,.000000000000000,-.9667717088562587E-01,.9667717088562587E-01
323,1,.000000000000000,.000000000000000,-.8557020850809158E-01,.8557020850809158E-01
324,1,.000000000000000,.000000000000000,-.7193990384851078E-01,.7193990384851078E-01
325,1,.000000000000000,.000000000000000,-.5832315555171138E-01,.5832315555171138E-01
326,1,.000000000000000,.000000000000000,-.6320099098038556E-01,.6320099098038556E-01
327,1,.000000000000000,.000000000000000,-.4721428989771067E-01,.4721428989771067E-01
328,1,.000000000000000,.000000000000000,-.4444634445974364E-01,.4444634445974364E-01
329,1,.000000000000000,.000000000000000,-.4497564644040510E-01,.4497564644040510E-01
330,1,.000000000000000,.000000000000000,-.3814600355303018E-01,.3814600355303018E-01
331,1,.000000000000000,.000000000000000,-.3737679921161740E-01,.3737679921161740E-01
332,1,.000000000000000,.000000000000000,-.3411905920315811E-01,.3411905920315811E-01
333,1,.000000000000000,.000000000000000,-.2583886349192280E-01,.2583886349192280E-01
334,1,.000000000000000,.000000000000000,-.1324147217462745E-01,.1324147217462745E-01
335,1,.000000000000000,.000000000000000,-.7792405938758051E-02,.7792405938758051E-02
336,1,.000000000000000,.000000000000000,-.7375374585107348E-02,.7375374585107348E-02
337,1,.000000000000000,.000000000000000,-.7198533193898311E-02,.7198533193898311E-02
338,1,.000000000000000,.000000000000000,-.7663541106416406E-02,.7663541106416406E-02
339,1,.000000000000000,.000000000000000,-.7109202828299774E-02,.7109202828299774E-02
340,1,.000000000000000,.000000000000000,-.1129254815399976E-01,.1129254815399976E-01
341,1,.000000000000000,.000000000000000,-.1928461932618959E-01,.1928461932618959E-01
342,1,.000000000000000,.000000000000000,-.2612055271161414E-01,.2612055271161414E-01
343,1,.000000000000000,.000000000000000,-.3733707673621837E-01,.3733707673621837E-01
344,1,.000000000000000,.000000000000000,-.3865195085052293E-01,.3865195085052293E-01
345,1,.000000000000000,.000000000000000,-.4814688780018739E-01,.4814688780018739E-01
346,1,.000000000000000,.000000000000000,-.6896078874911217E-01,.6896078874911217E-01
347,1,.000000000000000,.000000000000000,-.6339732080074321E-01,.6339732080074321E-01
348,1,.000000000000000,.000000000000000,-.7972957134046520E-01,.7972957134046520E-01
349,1,.000000000000000,.000000000000000,-.9073301010042185E-01,.9073301010042185E-01
350,1,.000000000000000,.000000000000000,-.8460061936302667E-01,.8460061936302667E-01
351,1,.000000000000000,.000000000000000,-.7784304814697951E-01,.7784304814697951E-01
352,1,.000000000000000,.000000000000000,-.6778325969048216E-01,.6778325969048216E-01
353,1,.000000000000000,.000000000000000,-.4780078397890390E-01,.4780078397890390E-01
354,1,.000000000000000,.000000000000000,-.5203576879332501E-01,.5203576879332501E-01
355,1,.000000000000000,.000000000000000,-.3875013732463215E-01,.3875013732463215E-01
356,1,.000000000000000,.000000000000000,-.4010702250802643E-01,.4010702250802643E-01
357,1,.000000000000000,.000000000000000,-.2795932145049607E-01,.2795932145049607E-01
358,1,.000000000000000,.000000000000000,-.3542874750369664E-01,.3542874750369664E-01
359,1,.000000000000000,.000000000000000,-.3673211907272970E-01,.3673211907272970E-01
360,1,.000000000000000,.000000000000000,-.3566415006764615E-01,.3566415006764615E-01
361,1,.000000000000000,.000000000000000,-.2296759091140262E-01,.2296759091140262E-01
362,1,.000000000000000,.000000000000000,-.8445228964992358E-02,.8445228964992358E-02
363,1,.000000000000000,.000000000000000,-.7873940585374063E-02,.7873940585374063E-02
364,1,.000000000000000,.000000000000000,-.7433538591737877E-02,.7433538591737877E-02
365,1,.000000000000000,.000000000000000,-.6684821763052066E-02,.6684821763052066E-02
366,1,.000000000000000,.000000000000000,-.5310823058098775E-02,.5310823058098775E-02
367,1,.000000000000000,.000000000000000,-.7352092025614064E-02,.7352092025614064E-02
368,1,.000000000000000,.000000000000000,-.7049743284285374E-02,.7049743284285374E-02
369,1,.000000000000000,.000000000000000,-.2035930421386851E-01,.2035930421386851E-01
370,1,.000000000000000,.000000000000000,-.2780233583491559E-01,.2780233583491559E-01
371,1,.000000000000000,.000000000000000,-.3608559208661766E-01,.3608559208661766E-01
372,1,.000000000000000,.000000000000000,-.4849202085739224E-01,.4849202085739224E-01
373,1,.000000000000000,.000000000000000,-.6023516561959415E-01,.6023516561959415E-01
374,1,.000000000000000,.000000000000000,-.4987239724074523E-01,.4987239724074523E-01
375,1,.000000000000000,.000000000000000,-.5672877790780186E-01,.5672877790780186E-01
376,1,.000000000000000,.000000000000000,-.5300929903765057E-01,.5300929903765057E-01
377,1,.000000000000000,.000000000000000,-.7280275722646219E-01,.7280275722646219E-01
378,1,.000000000000000,.000000000000000,-.7396923481160168E-01,.7396923481160168E-01
379,1,.000000000000000,.000000000000000,-.6400842322439312E-01,.6400842322439312E-01
380,1,.000000000000000,.000000000000000,-.6477095460340487E-01,.6477095460340487E-01
381,1,.000000000000000,.000000000000000,-.5035516450186939E-01,.5035516450186939E-01
382,1,.000000000000000,.000000000000000,-.3914445603808331E-01,.3914445603808331E-01
383,1,.000000000000000,.000000000000000,-.3299738082314622E-01,.3299738082314622E-01
384,1,.000000000000000,.000000000000000,-.3399125866666244E-01,.3399125866666244E-01
385,1,.000000000000000,.000000000000000,-.3157835323532571E-01,.3157835323532571E-01
386,1,.000000000000000,.000000000000000,-.3079714053744820E-01,.3079714053744820E-01
387,1,.000000000000000,.000000000000000,-.2975786240247209E-01,.2975786240247209E-01
388,1,.000000000000000,.000000000000000,-.3446737923399350E-01,.3446737923399350E-01
389,1,.000000000000000,.000000000000000,-.1694707795380264E-01,.1694707795380264E-01
390,1,.000000000000000,.000000000000000,-.9814453551055584E-02,.9814453551055584E-02
391,1,.000000000000000,.000000000000000,-.7018941058001646E-02,.7018941058001646E-02
392,1,.000000000000000,.000000000000000,-.7430004514461441E-02,.7430004514461441E-02
393,1,.000000000000000,.000000000000000,-.6529173394106282E-02,.6529173394106282E-02
394,1,.000000000000000,.000000000000000,-.7194291565766357E-02,.7194291565766357E-02
395,1,.000000000000000,.000000000000000,-.6794586293336954E-02,.6794586293336954E-02
396,1,.000000000000000,.000000000000000,-.7478032468370234E-02,.7478032468370234E-02
397,1,.000000000000000,.000000000000000,-.1511447522756499E-01,.1511447522756499E-01
398,1,.000000000000000,.000000000000000,-.3552530891252029E-01,.3552530891252029E-01
399,1,.000000000000000,.000000000000000,-.3278476261394908E-01,.3278476261394908E-01
400,1,.000000000000000,.000000000000000,-.4250311800489284E-01,.4250311800489284E-01
401,1,.000000000000000,.000000000000000,-.3967346274572739E-01,.3967346274572739E-01
402,1,.000000000000000,.000000000000000,-.3945081336606111E-01,.3945081336606111E-01
403,1,.000000000000000,.000000000000000,-.3671034514956563E-01,.3671034514956563E-01
404,1,.000000000000000,.000000000000000,-.6009502850992098E-01,.6009502850992098E-01
405,1,.000000000000000,.000000000000000,-.5921717030868907E-01,.5921717030868907E-01
406,1,.000000000000000,.000000000000000,-.6100412413444223E-01,.6100412413444223E-01
407,1,.000000000000000,.000000000000000,-.6187921441421172E-01,.6187921441421172E-01
408,1,.000000000000000,.000000000000000,-.4839066765223723E-01,.4839066765223723E-01
409,1,.000000000000000,.000000000000000,-.5310898282875326E-01,.5310898282875326E-01
410,1,.000000000000000,.000000000000000,-.3925095688886761E-01,.3925095688886761E-01
411,1,.000000000000000,.000000000000000,-.3648739117444173E-01,.3648739117444173E-01
412,1,.000000000000000,.000000000000000,-.4187393923187881E-01,.4187393923187881E-01
413,1,.000000000000000,.000000000000000,-.3350496516148897E-01,.3350496516148897E-01
414,1,.000000000000000,.000000000000000,-.2487871153514833E-01,.2487871153514833E-01
415,1,.000000000000000,.000000000000000,-.2392761016335001E-01,.2392761016335001E-01
416,1,.000000000000000,.000000000000000,-.2349211373460411E-01,.2349211373460411E-01
417,1,.000000000000000,.000000000000000,-.2023974790254264E-01,.2023974790254264E-01
418,1,.000000000000000,.000000000000000,-.9925061696340784E-02,.9925061696340784E-02
419,1,.000000000000000,.000000000000000,-.6041173367006815E-02,.6041173367006815E-02
420,1,.000000000000000,.000000000000000,-.7109034103956882E-02,.7109034103956882E-02
421,1,.000000000000000,.000000000000000,-.7430749938884097E-02,.7430749938884097E-02
422,1,.000000000000000,.000000000000000,-.6951552669181548E-02,.6951552669181548E-02
423,1,.000000000000000,.000000000000000,-.6706414660718166E-02,.6706414660718166E-02
424,1,.000000000000000,.000000000000000,-.7765940879695967E-02,.7765940879695967E-02
425,1,.000000000000000,.000000000000000,-.1113084643890897E-01,.1113084643890897E-01
426,1,.000000000000000,.000000000000000,-.2004216924596798E-01,.2004216924596798E-01
427,1,.000000000000000,.000000000000000,-.2449666513050520E-01,.2449666513050520E-01
428,1,.000000000000000,.000000000000000,-.3833677081526853E-01,.3833677081526853E-01
429,1,.000000000000000,.000000000000000,-.3458130999702575E-01,.3458130999702575E-01
430,1,.000000000000000,.000000000000000,-.4385373056587815E-01,.4385373056587815E-01
431,1,.000000000000000,.000000000000000,-.6134497155694501E-01,.6134497155694501E-01
432,1,.000000000000000,.000000000000000,-.6160422457870470E-01,.6160422457870470E-01
433,1,.000000000000000,.000000000000000,-.5238372743258772E-01,.5238372743258772E-01
434,1,.000000000000000,.000000000000000,-.6361361453437744E-01,.6361361453437744E-01
435,1,.000000000000000,.000000000000000,-.7260685890328634E-01,.7260685890328634E-01
436,1,.000000000000000,.000000000000000,-.4864037783093639E-01,.4864037783093639E-01
437,1,.000000000000000,.000000000000000,-.4718126419858386E-01,.4718126419858386E-01
438,1,.000000000000000,.000000000000000,-.4536159722049410E-01,.4536159722049410E-01
439,1,.000000000000000,.000000000000000,-.4486927247552139E-01,.4486927247552139E-01
440,1,.000000000000000,.000000000000000,-.3432321045565513E-01,.3432321045565513E-01
441,1,.000000000000000,.000000000000000,-.3334199545840407E-01,.3334199545840407E-01
442,1,.000000000000000,.000000000000000,-.2568236866134206E-01,.2568236866134206E-01
443,1,.000000000000000,.000000000000000,-.2954642685332834E-01,.2954642685332834E-01
444,1,.000000000000000,.000000000000000,-.2100799351055049E-01,.2100799351055049E-01
445,1,.000000000000000,.000000000000000,-.1715529295344431E-01,.1715529295344431E-01
446,1,.000000000000000,.000000000000000,-.1077309118247501E-01,.1077309118247501E-01
447,1,.000000000000000,.000000000000000,-.8100711956021736E-02,.8100711956021736E-02
448,1,.000000000000000,.000000000000000,-.5591361177264196E-02,.5591361177264196E-02
449,1,.000000000000000,.000000000000000,-.6670432101876784E-02,.6670432101876784E-02
450,1,.000000000000000,.000000000000000,-.6540703862054735E-02,.6540703862054735E-02
451,1,.000000000000000,.000000000000000,-.7818094411845370E-02,.7818094411845370E-02
452,1,.000000000000000,.000000000000000,-.8959016727168976E-02,.8959016727168976E-02
453,1,.000000000000000,.000000000000000,-.1235157802697771E-01,.1235157802697771E-01
454,1,.000000000000000,.000000000000000,-.2511047461914654E-01,.2511047461914654E-01
455,1,.000000000000000,.000000000000000,-.3087087031218679E-01,.3087087031218679E-01
456,1,.000000000000000,.000000000000000,-.4726872233716976E-01,.4726872233716976E-01
457,1,.000000000000000,.000000000000000,-.4505203328634473E-01,.4505203328634473E-01
458,1,.000000000000000,.000000000000000,-.4905633346672600E-01,.4905633346672600E-01
459,1,.000000000000000,.000000000000000,-.5680628872589211E-01,.5680628872589211E-01
460,1,.000000000000000,.000000000000000,-.7021163685250019E-01,.7021163685250019E-01
461,1,.000000000000000,.000000000000000,-.6356662167910487E-01,.6356662167910487E-01
462,1,.000000000000000,.000000000000000,-.6521661288095613E-01,.6521661288095613E-01
463,1,.000000000000000,.000000000000000,-.5207051630410940E-01,.5207051630410940E-01
464,1,.000000000000000,.000000000000000,-.4753003133472367E-01,.4753003133472367E-01
465,1,.000000000000000,.000000000000000,-.5136585770948512E-01,.5136585770948512E-01
466,1,.000000000000000,.000000000000000,-.6151600362524354E-01,.6151600362524354E-01
467,1,.000000000000000,.000000000000000,-.4343644023081851E-01,.4343644023081851E-01
468,1,.000000000000000,.000000000000000,-.4823423853607778E-01,.4823423853607778E-01
469,1,.000000000000000,.000000000000000,-.3325216568993104E-01,.3325216568993104E-01
470,1,.000000000000000,.000000000000000,-.3239292723497631E-01,.3239292723497631E-01
471,1,.000000000000000,.000000000000000,-.2404101822780286E-01,.2404101822780286E-01
472,1,.000000000000000,.000000000000000,-.1911374509737940E-01,.1911374509737940E-01
473,1,.000000000000000,.000000000000000,-.1610716137747400E-01,.1610716137747400E-01
474,1,.000000000000000,.000000000000000,-.1320270822756086E-01,.1320270822756086E-01
475,1,.000000000000000,.000000000000000,-.8245583938043349E-02,.8245583938043349E-02
476,1,.000000000000000,.000000000000000,-.6967860502936336E-02,.6967860502936336E-02
477,1,.000000000000000,.000000000000000,-.6715894986658495E-02,.6715894986658495E-02
478,1,.000000000000000,.000000000000000,-.6403065667560955E-02,.6403065667560955E-02
479,1,.000000000000000,.000000000000000,-.6071578216414078E-02,.6071578216414078E-02
480,1,.000000000000000,.000000000000000,-.8529667909062469E-02,.8529667909062469E-02
481,1,.000000000000000,.000000000000000,-.1229525675732241E-01,.1229525675732241E-01
482,1,.000000000000000,.000000000000000,-.2175749689663485E-01,.2175749689663485E-01
483,1,.000000000000000,.000000000000000,-.3165803481910343E-01,.3165803481910343E-01
484,1,.000000000000000,.000000000000000,-.4633523569848740E-01,.4633523569848740E-01
485,1,.000000000000000,.000000000000000,-.5115541941432813E-01,.5115541941432813E-01
486,1,.000000000000000,.000000000000000,-.6802640055351290E-01,.6802640055351290E-01
487,1,.000000000000000,.000000000000000,-.6769235083082890E-01,.6769235083082890E-01
488,1,.000000000000000,.000000000000000,-.6716620463493113E-01,.6716620463493113E-01
489,1,.000000000000000,.000000000000000,-.7021198742059709E-01,.7021198742059709E-01
490,1,.000000000000000,.000000000000000,-.6359628038612161E-01,.6359628038612161E-01
491,1,.000000000000000,.000000000000000,-.5145440169786249E-01,.5145440169786249E-01
492,1,.000000000000000,.000000000000000,-.4682216711660748E-01,.4682216711660748E-01
493,1,.000000000000000,.000000000000000,-.5329110302411225E-01,.5329110302411225E-01
494,1,.000000000000000,.000000000000000,-.5140146505827851E-01,.5140146505827851E-01
495,1,.000000000000000,.000000000000000,-.3829874893658379E-01,.3829874893658379E-01
496,1,.000000000000000,.000000000000000,-.3238465002131725E-01,.3238465002131725E-01
497,1,.000000000000000,.000000000000000,-.2186198616715286E-01,.2186198616715286E-01
498,1,.000000000000000,.000000000000000,-.2031511978551393E-01,.2031511978551393E-01
499,1,.000000000000000,.000000000000000,-.1941094917068083E-01,.1941094917068083E-01
500,1,.000000000000000,.000000000000000,-.1369560819191062E-01,.1369560819191062E-01
501,1,.000000000000000,.000000000000000,-.1180058726764874E-01,.1180058726764874E-01
502,1,.000000000000000,.000000000000000,-.1322823037896432E-01,.1322823037896432E-01
503,1,.000000000000000,.000000000000000,-.7981076602247238E-02,.7981076602247238E-02
504,1,.000000000000000,.000000000000000,-.6851386389614846E-02,.6851386389614846E-02
505,1,.000000000000000,.000000000000000,-.6816610344698474E-02,.6816610344698474E-02
506,1,.000000000000000,.000000000000000,-.7902297003671984E-02,.7902297003671984E-02
507,1,.000000000000000,.000000000000000,-.5889560858337360E-02,.5889560858337360E-02
508,1,.000000000000000,.000000000000000,-.1049291767585903E-01,.1049291767585903E-01
509,1,.000000000000000,.000000000000000,-.1736333098138098E-01,.1736333098138098E-01
510,1,.000000000000000,.000000000000000,-.2293478760186727E-01,.2293478760186727E-01
511,1,.000000000000000,.000000000000000,-.3220449788574809E-01,.3220449788574809E-01
512,1,.000000000000000,.000000000000000,-.3958699753959682E-01,.3958699753959682E-01
513,1,.000000000000000,.000000000000000,-.4543087554728365E-01,.4543087554728365E-01
514,1,.000000000000000,.000000000000000,-.6433421781548836E-01,.6433421781548836E-01
515,1,.000000000000000,.000000000000000,-.6230064003883896E-01,.6230064003883896E-01
516,1,.000000000000000,.000000000000000,-.6575989021195447E-01,.6575989021195447E-01
517,1,.000000000000000,.000000000000000,-.9979001627774732E-01,.9979001627774732E-01
518,1,.000000000000000,.000000000000000,-.7897982752595012E-01,.7897982752595012E-01
519,1,.000000000000000,.000000000000000,-.4969237060674754E-01,.4969237060674754E-01
520,1,.000000000000000,.000000000000000,-.4663247970503583E-01,.4663247970503583E-01
521,1,.000000000000000,.000000000000000,-.4489429144556359E-01,.4489429144556359E-01
522,1,.000000000000000,.000000000000000,-.3623212054023876E-01,.3623212054023876E-01
523,1,.000000000000000,.000000000000000,-.2655443109166761E-01,.2655443109166761E-01
524,1,.000000000000000,.000000000000000,-.3119644404345370E-01,.3119644404345370E-01
525,1,.000000000000000,.000000000000000,-.2378844132965994E-01,.2378844132965994E-01
526,1,.000000000000000,.000000000000000,-.1892756987928370E-01,.1892756987928370E-01
527,1,.000000000000000,.000000000000000,-.2068262214792285E-01,.2068262214792285E-01
528,1,.000000000000000,.000000000000000,-.1794609629943604E-01,.1794609629943604E-01
529,1,.000000000000000,.000000000000000,-.1511039482088756E-01,.1511039482088756E-01
530,1,.000000000000000,.000000000000000,-.1327252000946605E-01,.1327252000946605E-01
531,1,.000000000000000,.000000000000000,-.7036982146428401E-02,.7036982146428401E-02
532,1,.000000000000000,.000000000000000,-.7875949395208574E-02,.7875949395208574E-02
533,1,.000000000000000,.000000000000000,-.6017464510659380E-02,.6017464510659380E-02
534,1,.000000000000000,.000000000000000,-.5873513205926252E-02,.5873513205926252E-02
535,1,.000000000000000,.000000000000000,-.5373123266374292E-02,.5373123266374292E-02
536,1,.000000000000000,.000000000000000,-.1182988730401310E-01,.1182988730401310E-01
537,1,.000000000000000,.000000000000000,-.1737472639847828E-01,.1737472639847828E-01
538,1,.000000000000000,.000000000000000,-.2418572183801043E-01,.2418572183801043E-01
539,1,.000000000000000,.000000000000000,-.2392624893470184E-01,.2392624893470184E-01
540,1,.000000000000000,.000000000000000,-.3351059455346878E-01,.3351059455346878E-01
541,1,.000000000000000,.000000000000000,-.4084816468963734E-01,.4084816468963734E-01
542,1,.000000000000000,.000000000000000,-.4348106413777803E-01,.4348106413777803E-01
543,1,.000000000000000,.000000000000000,-.5401417022852872E-01,.5401417022852872E-01
544,1,.000000000000000,.000000000000000,-.6397928274455371E-01,.6397928274455371E-01
545,1,.000000000000000,.000000000000000,-.7269605692384772E-01,.7269605692384772E-01
546,1,.000000000000000,.000000000000000,-.5806756630553971E-01,.5806756630553971E-01
547,1,.000000000000000,.000000000000000,-.4604494957246946E-01,.4604494957246946E-01
548,1,.000000000000000,.000000000000000,-.4618466980763316E-01,.4618466980763316E-01
549,1,.000000000000000,.000000000000000,-.4118243991442157E-01,.4118243991442157E-01
550,1,.000000000000000,.000000000000000,-.2858365228352861E-01,.2858365228352861E-01
551,1,.000000000000000,.000000000000000,-.1853025599096591E-01,.1853025599096591E-01
552,1,.000000000000000,.000000000000000,-.2838177391053531E-01,.2838177391053531E-01
553,1,.000000000000000,.000000000000000,-.2317435073078828E-01,.2317435073078828E-01
554,1,.000000000000000,.000000000000000,-.2153997118872008E-01,.2153997118872008E-01
555,1,.000000000000000,.000000000000000,-.2505384606059556E-01,.2505384606059556E-01
556,1,.000000000000000,.000000000000000,-.2222730403420591E-01,.2222730403420591E-01
557,1,.000000000000000,.000000000000000,-.1162278773594154E-01,.1162278773594154E-01
558,1,.000000000000000,.000000000000000,-.8443316755229694E-02,.8443316755229694E-02
559,1,.000000000000000,.000000000000000,-.8168047420028988E-02,.8168047420028988E-02
560,1,.000000000000000,.000000000000000,-.6422260131530187E-02,.6422260131530187E-02
561,1,.000000000000000,.000000000000000,-.6619030799570099E-02,.6619030799570099E-02
562,1,.000000000000000,.000000000000000,-.6203259162091331E-02,.6203259162091331E-02
563,1,.000000000000000,.000000000000000,-.6631239444103949E-02,.6631239444103949E-02
564,1,.000000000000000,.000000000000000,-.9966393366554277E-02,.9966393366554277E-02
565,1,.000000000000000,.000000000000000,-.2389775633367965E-01,.2389775633367965E-01
566,1,.000000000000000,.000000000000000,-.2601669189956457E-01,.2601669189956457E-01
567,1,.000000000000000,.000000000000000,-.2850134223365289E-01,.2850134223365289E-01
568,1,.000000000000000,.000000000000000,-.3941594311681219E-01,.3941594311681219E-01
569,1,.000000000000000,.000000000000000,-.3624106955559935E-01,.3624106955559935E-01
570,1,.000000000000000,.000000000000000,-.3816670233372876E-01,.3816670233372876E-01
571,1,.000000000000000,.000000000000000,-.4830158663408501E-01,.4830158663408501E-01
572,1,.000000000000000,.000000000000000,-.5597416863900165E-01,.5597416863900165E-01
573,1,.000000000000000,.000000000000000,-.4694590118308917E-01,.4694590118308917E-01
574,1,.000000000000000,.000000000000000,-.3948842700526313E-01,.3948842700526313E-01
575,1,.000000000000000,.000000000000000,-.4140914030585693E-01,.4140914030585693E-01
576,1,.000000000000000,.000000000000000,-.4890922570741369E-01,.4890922570741369E-01
577,1,.000000000000000,.000000000000000,-.3759487449017443E-01,.3759487449017443E-01
578,1,.000000000000000,.000000000000000,-.3128594620480218E-01,.3128594620480218E-01
579,1,.000000000000000,.000000000000000,-.3782068506157058E-01,.3782068506157058E-01
580,1,.000000000000000,.000000000000000,-.3158783705845170E-01,.3158783705845170E-01
581,1,.000000000000000,.000000000000000,-.3567764027603481E-01,.3567764027603481E-01
582,1,.000000000000000,.000000000000000,-.3085366397765904E-01,.3085366397765904E-01
583,1,.000000000000000,.000000000000000,-.1951055584208388E-01,.1951055584208388E-01
584,1,.000000000000000,.000000000000000,-.1612713308471185E-01,.1612713308471185E-01
585,1,.000000000000000,.000000000000000,-.1057757879982848E-01,.1057757879982848E-01
586,1,.000000000000000,.000000000000000,-.6387074752210868E-02,.6387074752210868E-02
587,1,.000000000000000,.000000000000000,-.6264129776033747E-02,.6264129776033747E-02
588,1,.000000000000000,.000000000000000,-.6627224124900595E-02,.6627224124900595E-02
589,1,.000000000000000,.000000000000000,-.7531551333718981E-02,.7531551333718981E-02
590,1,.000000000000000,.000000000000000,-.6309457635751004E-02,.6309457635751004E-02
591,1,.000000000000000,.000000000000000,-.7482473139090087E-02,.7482473139090087E-02
592,1,.000000000000000,.000000000000000,-.8488802679700392E-02,.8488802679700392E-02
593,1,.000000000000000,.000000000000000,-.1427746265000071E-01,.1427746265000071E-01
594,1,.000000000000000,.000000000000000,-.1630657376588706E-01,.1630657376588706E-01
595,1,.000000000000000,.000000000000000,-.3482801568134992E-01,.3482801568134992E-01
596,1,.000000000000000,.000000000000000,-.4188689740887487E-01,.4188689740887487E-01
597,1,.000000000000000,.000000000000000,-.3018831487881695E-01,.3018831487881695E-01
598,1,.000000000000000,.000000000000000,-.3350854535886017E-01,.3350854535886017E-01
599,1,.000000000000000,.000000000000000,-.3035138102813692E-01,.3035138102813692E-01
600,1,.000000000000000,.000000000000000,-.4517738047601794E-01,.4517738047601794E-01
601,1,.000000000000000,.000000000000000,-.3981212187268246E-01,.3981212187268246E-01
602,1,.000000000000000,.000000000000000,-.4172179498862187E-01,.4172179498862187E-01
603,1,.000000000000000,.000000000000000,-.4798909152458497E-01,.4798909152458497E-01
604,1,.000000000000000,.000000000000000,-.4646652205843078E-01,.4646652205843078E-01
605,1,.000000000000000,.000000000000000,-.3675883386733557E-01,.3675883386733557E-01
606,1,.000000000000000,.000000000000000,-.3683957304860467E-01,.3683957304860467E-01
607,1,.000000000000000,.000000000000000,-.4176050278706943E-01,.4176050278706943E-01
608,1,.000000000000000,.000000000000000,-.3956339715580053E-01,.3956339715580053E-01
609,1,.000000000000000,.000000000000000,-.3315403130235094E-01,.3315403130235094E-01
610,1,.000000000000000,.000000000000000,-.2837252244421192E-01,.2837252244421192E-01
611,1,.000000000000000,.000000000000000,-.1988142943486537E-01,.1988142943486537E-01
612,1,.000000000000000,.000000000000000,-.1758887148792959E-01,.1758887148792959E-01
613,1,.000000000000000,.000000000000000,-.1038315207990062E-01,.1038315207990062E-01
614,1,.000000000000000,.000000000000000,-.6594726746275718E-02,.6594726746275718E-02
615,1,.000000000000000,.000000000000000,-.7982997763825290E-02,.7982997763825290E-02
616,1,.000000000000000,.000000000000000,-.7160457058710381E-02,.7160457058710381E-02
617,1,.000000000000000,.000000000000000,-.7646553623630655E-02,.7646553623630655E-02
618,1,.000000000000000,.000000000000000,-.5704092925711532E-02,.5704092925711532E-02
619,1,.000000000000000,.000000000000000,-.7442774336642327E-02,.7442774336642327E-02
620,1,.000000000000000,.000000000000000,-.8841112098244076E-02,.8841112098244076E-02
621,1,.000000000000000,.000000000000000,-.1311718970801215E-01,.1311718970801215E-01
622,1,.000000000000000,.000000000000000,-.1699200214174777E-01,.1699200214174777E-01
623,1,.000000000000000,.000000000000000,-.2029902883217303E-01,.2029902883217303E-01
624,1,.000000000000000,.000000000000000,-.3034176669397908E-01,.3034176669397908E-01
625,1,.000000000000000,.000000000000000,-.3150054059248752E-01,.3150054059248752E-01
626,1,.000000000000000,.000000000000000,-.2924719919202720E-01,.2924719919202720E-01
627,1,.000000000000000,.000000000000000,-.2933396694788835E-01,.2933396694788835E-01
628,1,.000000000000000,.000000000000000,-.3848142989716185E-01,.3848142989716185E-01
629,1,.000000000000000,.000000000000000,-.2818147816399337E-01,.2818147816399337E-01
630,1,.000000000000000,.000000000000000,-.3176027083420372E-01,.3176027083420372E-01
631,1,.000000000000000,.000000000000000,-.3358520262479257E-01,.3358520262479257E-01
632,1,.000000000000000,.000000000000000,-.3251200381745820E-01,.3251200381745820E-01
633,1,.000000000000000,.000000000000000,-.3013359363695088E-01,.3013359363695088E-01
634,1,.000000000000000,.000000000000000,-.2958976953074114E-01,.2958976953074114E-01
635,1,.000000000000000,.000000000000000,-.3582133763630176E-01,.3582133763630176E-01
636,1,.000000000000000,.000000000000000,-.3310094578325322E-01,.3310094578325322E-01
637,1,.000000000000000,.000000000000000,-.2947369928836849E-01,.2947369928836849E-01
638,1,.000000000000000,.000000000000000,-.1925828363894375E-01,.1925828363894375E-01
639,1,.000000000000000,.000000000000000,-.1763433504524293E-01,.1763433504524293E-01
640,1,.000000000000000,.000000000000000,-.1267827293385525E-01,.1267827293385525E-01
641,1,.000000000000000,.000000000000000,-.6594890449896877E-02,.6594890449896877E-02
642,1,.000000000000000,.000000000000000,-.7321397788335912E-02,.7321397788335912E-02
643,1,.000000000000000,.000000000000000,-.7510015694345513E-02,.7510015694345513E-02
644,1,.000000000000000,.000000000000000,-.7260236098286252E-02,.7260236098286252E-02
645,1,.000000000000000,.000000000000000,-.6713115924369132E-02,.6713115924369132E-02
646,1,.000000000000000,.000000000000000,-.6227666504547921E-02,.6227666504547921E-02
647,1,.000000000000000,.000000000000000,-.6094516042065038E-02,.6094516042065038E-02
648,1,.000000000000000,.000000000000000,-.8256441594719307E-02,.8256441594719307E-02
649,1,.000000000000000,.000000000000000,-.9495315583558471E-02,.9495315583558471E-02
650,1,.000000000000000,.000000000000000,-.1344155416292551E-01,.1344155416292551E-01
651,1,.000000000000000,.000000000000000,-.1947691782629634E-01,.1947691782629634E-01
652,1,.000000000000000,.000000000000000,-.2365016325279850E-01,.2365016325279850E-01
653,1,.000000000000000,.000000000000000,-.1905580246264298E-01,.1905580246264298E-01
654,1,.000000000000000,.000000000000000,-.2536035548735203E-01,.2536035548735203E-01
655,1,.000000000000000,.000000000000000,-.3170963858100009E-01,.3170963858100009E-01
656,1,.000000000000000,.000000000000000,-.3697890555426254E-01,.3697890555426254E-01
657,1,.000000000000000,.000000000000000,-.3235834403072581E-01,.3235834403072581E-01
658,1,.000000000000000,.000000000000000,-.3110717530737875E-01,.3110717530737875E-01
659,1,.000000000000000,.000000000000000,-.2299501078375717E-01,.2299501078375717E-01
660,1,.000000000000000,.000000000000000,-.3185212617398876E-01,.3185212617398876E-01
661,1,.000000000000000,.000000000000000,-.3043621396584202E-01,.3043621396584202E-01
662,1,.000000000000000,.000000000000000,-.2983961060781566E-01,.2983961060781566E-01
663,1,.000000000000000,.000000000000000,-.3350071864488419E-01,.3350071864488419E-01
664,1,.000000000000000,.000000000000000,-.2962142799943872E-01,.2962142799943872E-01
665,1,.000000000000000,.000000000000000,-.2524107781287104E-01,.2524107781287104E-01
666,1,.000000000000000,.000000000000000,-.1572122555621722E-01,.1572122555621722E-01
667,1,.000000000000000,.000000000000000,-.1559518309704062E-01,.1559518309704062E-01
668,1,.000000000000000,.000000000000000,-.1250417729854858E-01,.1250417729854858E-01
669,1,.000000000000000,.000000000000000,-.9010166387369102E-02,.9010166387369102E-02
670,1,.000000000000000,.000000000000000,-.7791907568349580E-02,.7791907568349580E-02
671,1,.000000000000000,.000000000000000,-.6838457629194887E-02,.6838457629194887E-02
672,1,.000000000000000,.000000000000000,-.7182985963660316E-02,.7182985963660316E-02
673,1,.000000000000000,.000000000000000,-.6731344919107129E-02,.6731344919107129E-02
674,1,.000000000000000,.000000000000000,-.6838940460480206E-02,.6838940460480206E-02
675,1,.000000000000000,.000000000000000,-.7177587355792189E-02,.7177587355792189E-02
676,1,.000000000000000,.000000000000000,-.6625351110565880E-02,.6625351110565880E-02
677,1,.000000000000000,.000000000000000,-.9237365583179306E-02,.9237365583179306E-02
678,1,.000000000000000,.000000000000000,-.1616896181063867E-01,.1616896181063867E-01
679,1,.000000000000000,.000000000000000,-.1517244981371866E-01,.1517244981371866E-01
680,1,.000000000000000,.000000000000000,-.1999637133503815E-01,.1999637133503815E-01
681,1,.000000000000000,.000000000000000,-.1735588479035978E-01,.1735588479035978E-01
682,1,.000000000000000,.000000000000000,-.2131778627447361E-01,.2131778627447361E-01
683,1,.000000000000000,.000000000000000,-.2219546109137738E-01,.2219546109137738E-01
684,1,.000000000000000,.000000000000000,-.2428741302271732E-01,.2428741302271732E-01
685,1,.000000000000000,.000000000000000,-.2709183109175665E-01,.2709183109175665E-01
686,1,.000000000000000,.000000000000000,-.3472787610811635E-01,.3472787610811635E-01
687,1,.000000000000000,.000000000000000,-.3309716062692800E-01,.3309716062692800E-01
688,1,.000000000000000,.000000000000000,-.2366403300839562E-01,.2366403300839562E-01
689,1,.000000000000000,.000000000000000,-.2990901853640381E-01,.2990901853640381E-01
690,1,.000000000000000,.000000000000000,-.2208674447012758E-01,.2208674447012758E-01
691,1,.000000000000000,.000000000000000,-.1972930875995207E-01,.1972930875995207E-01
692,1,.000000000000000,.000000000000000,-.1609565562516945E-01,.1609565562516945E-01
693,1,.000000000000000,.000000000000000,-.1318407994504733E-01,.1318407994504733E-01
694,1,.000000000000000,.000000000000000,-.9157813095032304E-02,.9157813095032304E-02
695,1,.000000000000000,.000000000000000,-.9353063603161666E-02,.9353063603161666E-02
696,1,.000000000000000,.000000000000000,-.9185827114803083E-02,.9185827114803083E-02
697,1,.000000000000000,.000000000000000,-.7119727526656732E-02,.7119727526656732E-02
698,1,.000000000000000,.000000000000000,-.7136256563567780E-02,.7136256563567780E-02
699,1,.000000000000000,.000000000000000,-.7099009250083756E-02,.7099009250083756E-02
700,1,.000000000000000,.000000000000000,-.6323460120959764E-02,.6323460120959764E-02
701,1,.000000000000000,.000000000000000,-.7344506533136403E-02,.7344506533136403E-02
702,1,.000000000000000,.000000000000000,-.6655838292904333E-02,.6655838292904333E-02
703,1,.000000000000000,.000000000000000,-.6627228520814516E-02,.6627228520814516E-02
704,1,.000000000000000,.000000000000000,-.6239760171311031E-02,.6239760171311031E-02
705,1,.000000000000000,.000000000000000,-.7876909080175173E-02,.7876909080175173E-02
706,1,.000000000000000,.000000000000000,-.9648904716940227E-02,.9648904716940227E-02
707,1,.000000000000000,.000000000000000,-.9764510254524109E-02,.9764510254524109E-02
708,1,.000000000000000,.000000000000000,-.1674324477311088E-01,.1674324477311088E-01
709,1,.000000000000000,.000000000000000,-.2435402693512673E-01,.2435402693512673E-01
710,1,.000000000000000,.000000000000000,-.2059546696408326E-01,.2059546696408326E-01
711,1,.000000000000000,.000000000000000,-.2416690027708352E-01,.2416690027708352E-01
712,1,.000000000000000,.000000000000000,-.2026823497216830E-01,.2026823497216830E-01
713,1,.000000000000000,.000000000000000,-.2560627549667393E-01,.2560627549667393E-01
714,1,.000000000000000,.000000000000000,-.2200595319874613E-01,.2200595319874613E-01
715,1,.000000000000000,.000000000000000,-.2085413885093720E-01,.2085413885093720E-01
716,1,.000000000000000,.000000000000000,-.2054633081045318E-01,.2054633081045318E-01
717,1,.000000000000000,.000000000000000,-.2319277835576427E-01,.2319277835576427E-01
718,1,.000000000000000,.000000000000000,-.1961507991410289E-01,.1961507991410289E-01
719,1,.000000000000000,.000000000000000,-.1590596539514044E-01,.1590596539514044E-01
720,1,.000000000000000,.000000000000000,-.1806587262335386E-01,.1806587262335386E-01
721,1,.000000000000000,.000000000000000,-.1233729483408327E-01,.1233729483408327E-01
722,1,.000000000000000,.000000000000000,-.1055622876181544E-01,.1055622876181544E-01
723,1,.000000000000000,.000000000000000,-.8369706547268003E-02,.8369706547268003E-02
724,1,.000000000000000,.000000000000000,-.8145926952966535E-02,.8145926952966535E-02
725,1,.000000000000000,.000000000000000,-.7252954047124923E-02,.7252954047124923E-02
726,1,.000000000000000,.000000000000000,-.7229450731864524E-02,.7229450731864524E-02
727,1,.000000000000000,.000000000000000,-.6503836311084467E-02,.6503836311084467E-02
728,1,.000000000000000,.000000000000000,-.6742001665964736E-02,.6742001665964736E-02
729,1,.000000000000000,.000000000000000,-.6927140271143611E-02,.6927140271143611E-02
730,1,.000000000000000,.000000000000000,-.6486365874036051E-02,.6486365874036051E-02
731,1,.000000000000000,.000000000000000,-.6886700565392143E-02,.6886700565392143E-02
732,1,.000000000000000,.000000000000000,-.6626869596947580E-02,.6626869596947580E-02
733,1,.000000000000000,.000000000000000,-.7449095213287265E-02,.7449095213287265E-02
734,1,.000000000000000,.000000000000000,-.7966542378717302E-02,.7966542378717302E-02
735,1,.000000000000000,.000000000000000,-.7168448540554282E-02,.7168448540554282E-02
736,1,.000000000000000,.000000000000000,-.7712822838692015E-02,.7712822838692015E-02
737,1,.000000000000000,.000000000000000,-.9420084069395216E-02,.9420084069395216E-02
738,1,.000000000000000,.000000000000000,-.1195795433087807E-01,.1195795433087807E-01
739,1,.000000000000000,.000000000000000,-.1215810146150036E-01,.1215810146150036E-01
740,1,.000000000000000,.000000000000000,-.1177662984413467E-01,.1177662984413467E-01
741,1,.000000000000000,.000000000000000,-.1124615722895752E-01,.1124615722895752E-01
742,1,.000000000000000,.000000000000000,-.1768329087748786E-01,.1768329087748786E-01
743,1,.000000000000000,.000000000000000,-.2896600319278643E-01,.2896600319278643E-01
744,1,.000000000000000,.000000000000000,-.1779481911370674E-01,.1779481911370674E-01
745,1,.000000000000000,.000000000000000,-.1741482584597795E-01,.1741482584597795E-01
746,1,.000000000000000,.000000000000000,-.1634238923781861E-01,.1634238923781861E-01
747,1,.000000000000000,.000000000000000,-.1504136071640239E-01,.1504136071640239E-01
748,1,.000000000000000,.000000000000000,-.1015479531915576E-01,.1015479531915576E-01
749,1,.000000000000000,.000000000000000,-.8082867147479444E-02,.8082867147479444E-02
750,1,.000000000000000,.000000000000000,-.8577971468900734E-02,.8577971468900734E-02
751,1,.000000000000000,.000000000000000,-.6567165298231133E-02,.6567165298231133E-02
752,1,.000000000000000,.000000000000000,-.6266005797833344E-02,.6266005797833344E-02
753,1,.000000000000000,.000000000000000,-.6553084763005899E-02,.6553084763005899E-02
754,1,.000000000000000,.000000000000000,-.7230279294633061E-02,.7230279294633061E-02
755,1,.000000000000000,.000000000000000,-.6545975612731984E-02,.6545975612731984E-02
756,1,.000000000000000,.000000000000000,-.7295834548722139E-02,.7295834548722139E-02
757,1,.000000000000000,.000000000000000,-.6310001381039287E-02,.6310001381039287E-02
758,1,.000000000000000,.000000000000000,-.7430902872598089E-02,.7430902872598089E-02
759,1,.000000000000000,.000000000000000,-.7104596807343633E-02,.7104596807343633E-02
760,1,.000000000000000,.000000000000000,-.7336396533897210E-02,.7336396533897210E-02
761,1,.000000000000000,.000000000000000,-.6100325115733178E-02,.6100325115733178E-02
762,1,.000000000000000,.000000000000000,-.6499354929955952E-02,.6499354929955952E-02
763,1,.000000000000000,.000000000000000,-.6308784555134190E-02,.6308784555134190E-02
764,1,.000000000000000,.000000000000000,-.7010734459562658E-02,.7010734459562658E-02
765,1,.000000000000000,.000000000000000,-.7022997541562472E-02,.7022997541562472E-02
766,1,.000000000000000,.000000000000000,-.6634459892010322E-02,.6634459892010322E-02
767,1,.000000000000000,.000000000000000,-.8305598809845960E-02,.8305598809845960E-02
768,1,.000000000000000,.000000000000000,-.7525498225606444E-02,.7525498225606444E-02
769,1,.000000000000000,.000000000000000,-.7196322666749422E-02,.7196322666749422E-02
770,1,.000000000000000,.000000000000000,-.7177221303993755E-02,.7177221303993755E-02
771,1,.000000000000000,.000000000000000,-.5906210627237331E-02,.5906210627237331E-02
772,1,.000000000000000,.000000000000000,-.7980468137557914E-02,.7980468137557914E-02
773,1,.000000000000000,.000000000000000,-.6686022374914732E-02,.6686022374914732E-02
774,1,.000000000000000,.000000000000000,-.6263745007956101E-02,.6263745007956101E-02
775,1,.000000000000000,.000000000000000,-.7442146426727600E-02,.7442146426727600E-02
776,1,.000000000000000,.000000000000000,-.6791674377275245E-02,.6791674377275245E-02
777,1,.000000000000000,.000000000000000,-.6506824242766514E-02,.6506824242766514E-02
778,1,.000000000000000,.000000000000000,-.6587654689509729E-02,.6587654689509729E-02
779,1,.000000000000000,.000000000000000,-.7418211055897943E-02,.7418211055897943E-02
780,1,.000000000000000,.000000000000000,-.6920145476607418E-02,.6920145476607418E-02
781,1,.000000000000000,.000000000000000,-.7684983282455106E-02,.7684983282455106E-02
782,1,.000000000000000,.000000000000000,-.7111479723733140E-02,.7111479723733140E-02
783,1,.000000000000000,.000000000000000,-.6011169485030943E-02,.6011169485030943E-02
784,1,.000000000000000,.000000000000000,-.6447191364397529E-02,.6447191364397529E-02
785,2,-.2801611827011982,.5603223654023963,-.3831318402236876,.1029706575224894
786,2,-.1524220793794175,.3048441587588349,-.1301508682928945,-.2227121108652296E-01
787,2,-.3456265435742414,.6912530871484829,-.3920772244309907,.4645068085674930E-01
788,2,-.4192489392711822,.8384978785423645,-.5731896237106560,.1539406844394737
789,2,-.3093907440898449,.6187814881796898,-.3513001133464756,.4190936925663069E-01
790,2,-.5060227339019279,1.012045467803856,-.8815116231290536,.3754888892271258
791,2,-.1093582516025964,.2187165032051928,-.9422729462542559E-01,-.1513095697717082E-01
792,2,-.2351089336087593,.4702178672175186,-.2339066384688219,-.1202295139937457E-02
793,2,-.3484328696681255,.6968657393362511,-.4814549376839888,.1330220680158633
794,2,-.2873643988042904,.5747287976085808,-.4056829946502608,.1183185958459704
795,2,-.1773914134175748,.3547828268351497,-.2234901887818793,.4609877536430441E-01
796,2,-.2204279226997025,.4408558453994049,-.2819563670869982,.6152844438729571E-01
797,2,-.2262652797456364,.4525305594912728,-.2962984148696574,.7003313512402103E-01
798,2,-.1760390202945215,.3520780405890430,-.1351346366259948,-.4090438366852668E-01
799,2,-.2136961619603567,.4273923239207135,-.2326442631156035,.1894810115524673E-01
800,2,-.1858252776918343,.3716505553836686,-.2347968015481375,.4897152385630323E-01
801,2,-.1983511037298322,.3967022074596643,-.2435579072026716,.4520680347283942E-01
802,2,-.4822932726506443,.9645865453012886,-.4916405695443904,.9347296893746054E-02
803,2,-.2305810485093637,.4611620970187275,-.2753280274606605,.4474697895129678E-01
804,2,-.4109803115760712,.8219606231521424,-.5631326553183761,.1521523437423049
805,2,-.3283472336143071,.6566944672286141,-.3156487997458307,-.1269843386847636E-01
806,2,-.1846428435560291,.3692856871120582,-.2243456410873002,.3970279753127114E-01
807,2,-.3390604908990322,.6781209817980643,-.4135688389875619,.7450834808852971E-01
808,2,-.1295642669700508,.2591285339401017,-.1059495067150631,-.2361476025498772E-01
809,2,-.2972839847187966,.5945679694375933,-.4253098856855784,.1280259009667818
810,2,-.3915458745558079,.7830917491116157,-.4638521015623948,.7230622700658693E-01
811,2,-.1790520746097041,.3581041492194083,-.2027389833250806,.2368690871537650E-01
812,2,-.4269181888199483,.8538363776398965,-.5714967884755882,.1445785996556399
813,2,-.2210762481625842,.4421524963251685,-.2588597631590280,.3778351499644374E-01
814,2,-.2862851501791761,.5725703003583521,-.2478526575787052,-.3843249260047087E-01
815,2,-.2749350829412017,.5498701658824034,-.2975347397195159,.2259965677831419E-01
816,2,-.2150324220391463,.4300648440782925,-.2962105007484328,.8117807870928655E-01
817,2,-.3455860878149180,.6911721756298360,-.4440790051532701,.9849291733835217E-01
818,2,-.7595602894116286,1.519120578823257,-1.155186866148396,.3956265767367679
819,2,-.3420554880031004,.6841109760062007,-.4039917073766504,.6193621937355001E-01
820,2,-.2368027145168492,.4736054290336983,-.3303884852659890,.9358577074913983E-01
821,2,-.1810855429928842,.3621710859857684,-.2300182885727750,.4893274557989082E-01
822,2,-.6552738375352312,1.310547675070462,-.9201148470085956,.2648410094733644
823,2,-.1739676293995305,.3479352587990610,-.1998493957205720,.2588176632104154E-01
824,2,-.1703283551108032,.3406567102216063,-.1272930917858675,-.4303526332493565E-01
825,2,-.2301499015247792,.4602998030495584,-.2787535597335987,.4860365820881951E-01
826,2,-.3800065811950586,.7600131623901172,-.4729383085956395,.9293172740058087E-01
827,2,-.2674175281488374,.5348350562976748,-.3469376436638568,.7952011551501945E-01
828,2,-.7268655523332821,1.453731104666564,-.8855930631365179,.1587275108032358
829,2,-.2723140697849672,.5446281395699344,-.2880586530933891,.1574458330842191E-01
830,2,-.4066116944872878,.8132233889745757,-.4709198780635764,.6430818357628859E-01
831,2,-.8420059443788026E-01,.1684011888757605,-.4390748059701807E-01,-.4029311384086219E-01
832,2,-.4690943307891836,.9381886615783671,-.5227415727541183,.5364724196493467E-01
833,2,-.4669058150430725,.9338116300861451,-.6364039509752065,.1694981359321340
834,2,-.2484410906263292,.4968821812526584,-.3347781651302799,.8633707450395071E-01
835,2,-.2165569944686664,.4331139889373329,-.2435160905772619,.2695909610859545E-01
836,2,-.3730353374542094,.7460706749084187,-.4173486585029226,.4431332104871327E-01
837,2,-.2316613478338255,.4633226956676509,-.2902265448733324,.5856519703950699E-01
838,2,-.5050048532924082,1.010009706584816,-.6578227747868983,.1528179214944901
839,2,-.1876786726957036,.3753573453914072,-.2323536051104014,.4467493241469776E-01
840,2,-.3945474857459375,.7890949714918749,-.4367789233534102,.4223143760747272E-01
841,2,-.4269860399370653,.8539720798741306,-.6237151814604496,.1967291415233842
842,2,-.4251602502333011,.8503205004666021,-.5528077099709556,.1276474597376546
843,2,-.1561512096479809,.3123024192959618,-.1730953635902952,.1694415394231429E-01
844,2,-.7497613342378113,1.499522668475623,-1.030303915151568,.2805425809137564
845,2,-.1740918545914992,.3481837091829984,-.1298672642231200,-.4422459036837923E-01
846,2,-.8983152431708947,1.796630486341789,-1.383865526572022,.4855502834011273
847,2,-.3347902169509477,.6695804339018955,-.3941157793244580,.5932556237351028E-01
848,2,-.2881150839199933,.5762301678399866,-.3944201818281739,.1063050979081806
849,2,-.3247391157411461,.6494782314822922,-.4753407575504728,.1506016418093267
850,2,-.2269106078097334,.4538212156194668,-.2752189914328776,.4830838362314421E-01
851,2,-.1845153983164582,.3690307966329164,-.1906572565162497,.6141858199791517E-02
852,2,-.4831350254973376,.9662700509946751,-.5709425228380154,.8780749734067789E-01
853,2,-.4733201025056343,.9466402050112686,-.6051057320924964,.1317856295868622
854,2,-.2663241112646514,.5326482225293029,-.3463830243320152,.8005891306736371E-01
855,2,-.3285892856887316,.6571785713774632,-.4165058501488255,.8791656446009388E-01
856,2,-.2454148575641421,.4908297151282842,-.2410592040696351,-.4355653494507034E-02
857,2,-.2076873023646991,.4153746047293982,-.2644784338411272,.5679113147642806E-01
858,2,-.8524733210584817E-01,.1704946642116963,-.4559292153456142E-01,-.3965441057128676E-01
859,2,-.6146434361061828,1.229286872212366,-.7621644663399350,.1475210302337522
860,2,-.2640677115637740,.5281354231275480,-.3683814111940303,.1043136996302563
861,2,-.1678030750234354,.3356061500468708,-.1852904348088623,.1748735978542684E-01
862,2,-.1534450025648489,.3068900051296977,-.1631848912878524,.9739888723003534E-02
863,2,-.2622034195381520,.5244068390763040,-.2985970521894258,.3639363265127382E-01
864,2,-.2436426719997633,.4872853439995267,-.3151583026692230,.7151563066945966E-01
865,2,-.3254443650354514,.6508887300709028,-.4122058494760003,.8676148444054885E-01
866,2,-.2048101510681354,.4096203021362707,-.2347625910264068,.2995243995827142E-01
867,2,-.6514670697354787,1.302934139470957,-1.013489029230071,.3620219594945924
868,2,-.3069531810489715,.6139063620979430,-.3192227203340445,.1226953928507296E-01
869,2,-.3248791836342152,.6497583672684304,-.4024599879011639,.7758080426694872E-01
870,2,-.1781684769020545,.3563369538041089,-.1787903725938038,.6218956917493218E-03
871,2,-.2100287998071420,.4200575996142840,-.2360971887034385,.2606838889629655E-01
872,2,-.3218223791128302,.6436447582256605,-.3483621789823522,.2653979986952201E-01
873,2,-.1582616622796719,.3165233245593438,-.1353918292115440,-.2286983306812794E-01
874,2,-.3147811494032964,.6295622988065928,-.3998254691703959,.8504431976709947E-01
875,2,-.4788427583096514,.9576855166193028,-.5775201049220997,.9867734661244837E-01
876,2,-.2002938657706060,.4005877315412121,-.1797245036090577,-.2056936216154830E-01
877,2,-.1881964078239022,.3763928156478043,-.2229084728630040,.3471206503910183E-01
878,2,-.5563083104707142,1.112616620941428,-.7480013813155009,.1916930708447867
879,2,-.2496376280695541,.4992752561391082,-.3127120527949668,.6307442472541273E-01
880,2,-.1877814081938968,.3755628163877937,-.2194726467644580,.3169123857056122E-01
881,2,-.3498112327012917,.6996224654025834,-.4354870754148907,.8567584271359904E-01
882,2,-.3078730883979408,.6157461767958815,-.3904123389291160,.8253925053117520E-01
883,2,-.3813605046064956,.7627210092129912,-.4503297874042172,.6896928279772158E-01
884,2,-.2015281993224638,.4030563986449276,-.1818213010289114,-.1970689829355242E-01
885,2,-.1981444910750793,.3962889821501586,-.2423143660545156,.4416987497943625E-01
886,2,-.2570407510799780,.5140815021599560,-.3058432908728167,.4880253979283872E-01
887,2,-.1023988406006932,.2047976812013863,-.6762660748532305E-01,-.3477223311537010E-01
888,2,-.2663475415161043,.5326950830322086,-.3108441292977430,.4449658778163867E-01
889,2,-.1411450870371121,.2822901740742242,-.1142696081928890,-.2687547884422305E-01
890,2,-.4845210793041241,.9690421586082483,-.5719357355072561,.8741465620313194E-01
891,2,-.3049542796135414,.6099085592270829,-.3479424657486341,.4298818613509262E-01
892,2,-.2726855210614697,.5453710421229394,-.3001374982350315,.2745197717356179E-01
893,2,-.2390689558406206,.4781379116812413,-.3208798747633325,.8181091892271185E-01
894,2,-.1652414147985868,.3304828295971736,-.1373733863270982,-.2786802847148860E-01
895,2,-.3502528141145454,.7005056282290908,-.3739064101487013,.2365359603415587E-01
896,2,-.1438116835349628,.2876233670699255,-.1233302303578492,-.2048145317711357E-01
897,2,-.1505339972791632,.3010679945583263,-.1505813575695522,.4736029038897305E-04
898,2,-.2482792948109316,.4965585896218632,-.3408478488724858,.9256855406155419E-01
899,2,-.3793979303034439,.7587958606068879,-.5712505737009443,.1918526433975004
900,2,-.3851330109472342,.7702660218944685,-.4844392605203053,.9930624957307108E-01
901,2,-.3453646261642319,.6907292523284637,-.5238238597602521,.1784592335960203
902,2,-.3819518437608717,.7639036875217434,-.5172122252185868,.1352603814577150
903,2,-.1820822829753015,.3641645659506030,-.2095880396311010,.2750575665579953E-01
904,2,-.2558845423366763,.5117690846733527,-.3266403847582158,.7075584242153946E-01
905,2,-.2227337514531299,.4454675029062598,-.2803960311754148,.5766227972228488E-01
906,2,-.1761581401454817,.3523162802909633,-.1835928653868146,.7434725241332887E-02
907,2,-.5282706552514667,1.056541310502933,-.6082831550019656,.8001249975049890E-01
908,2,-.1529975848556284,.3059951697112569,-.1445745708036494,-.8423014051979066E-02
909,2,-.1644597833225687,.3289195666451373,-.1514418331963687,-.1301795012620000E-01
910,2,-.2931148601539968,.5862297203079936,-.3960853896811830,.1029705295271862
911,2,-.2516041078925917,.5032082157851835,-.3251348071640105,.7353069927141875E-01
912,2,-.2444276260128551,.4888552520257102,-.3203046596510898,.7587703363823470E-01
913,3,-3.741554706731428,7.483109413462857,-1.870777353365717,-1.870777353365711
914,3,-3.779002424756849,7.558004849513697,-1.889501212378425,-1.889501212378423
915,3,-5.699780063235069,11.39956012647014,-2.849890031617532,-2.849890031617537
916,3,-5.889932147115365,11.77986429423073,-2.944966073557683,-2.944966073557682
917,3,-6.662922520870559,13.32584504174112,-3.331461260435276,-3.331461260435283
918,3,-6.884371818806984,13.76874363761397,-3.442185909403496,-3.442185909403488
919,3,-5.714815154654653,11.42963030930931,-2.857407577327327,-2.857407577327327
920,3,-5.952945325208658,11.90589065041732,-2.976472662604326,-2.976472662604332
921,3,-5.555705451413379,11.11141090282676,-2.777852725706689,-2.777852725706690
922,3,-6.541433792560071,13.08286758512014,-3.270716896280034,-3.270716896280036
