shuffle_id,status,max_real_part,min_kappa_in,min_kappa_out
1,stable,-2.929561171738897,-4.070438828261103,-2.089924853571574
2,stable,-2.299010280607035,-4.700989719392965,-2.311203814228065
3,stable,-3.816257648020837,-3.183742351979163,-2.260093548564328
4,stable,-2.668550516074902,-4.331449483925098,-2.702989522833377
5,stable,-2.381847314085462,-4.618152685914538,-2.187387331214268
6,stable,-3.579232209434849,-3.420767790565151,-2.717383441588026
7,stable,-3.561532146130048,-3.438467853869952,-2.586484813247807
8,stable,-3.854670000589977,-3.145329999410023,-1.976394184202945
9,stable,-3.705880819827144,-3.294119180172856,-2.391389220836572
10,stable,-3.293056466893177,-3.706943533106823,-2.421120447805151
11,stable,-2.393688128831855,-4.606311871168145,-2.219086276862072
12,stable,-3.638356870244024,-3.361643129755976,-2.075000962591730
13,stable,-3.054821590884785,-3.945178409115215,-2.306360044982284
14,stable,-3.110294439742574,-3.889705560257426,-2.016080809509731
15,stable,-4.482490802271059,-2.517509197728941,-2.839286691721099
16,stable,-1.793418370016298,-5.206581629983702,-2.718975249703362
17,stable,-2.889081683977565,-4.110918316022435,-2.496462252922356
18,stable,-1.408105995378719,-5.591894004621281,-2.820527733885683
19,stable,-2.787271641966072,-4.212728358033928,-3.111743540594034
20,stable,-4.181538960951002,-2.818461039048998,-2.735854579485022
21,stable,-2.624541657153713,-4.375458342846287,-2.675813647336327
22,stable,-2.769691559835337,-4.230308440164663,-2.650255934291636
23,stable,-.6823413279853412,-6.317658672014659,-2.009295117808506
24,stable,-3.074211630330865,-3.925788369669135,-2.480056896612950
25,stable,-3.288241777009262,-3.711758222990738,-2.835658928903285
26,stable,-2.662540215413173,-4.337459784586827,-2.193343568760611
27,stable,-2.972344232228352,-4.027655767771648,-2.449243471026421
28,stable,-2.369638857160680,-4.630361142839320,-2.599749707034789
29,unstable,.1388351626228541,-7.138835162622854,-1.996374321824987
30,stable,-.9130929489037953,-6.086907051096205,-2.147625697187323
31,stable,-2.822770963328821,-4.177229036671179,-2.829679827904329
32,stable,-2.290484115123036,-4.709515884876964,-2.420184187823907
33,stable,-2.021049591661722,-4.978950408338278,-2.418569809524342
34,stable,-2.690546202524274,-4.309453797475726,-2.502930608694442
35,stable,-2.694456892324524,-4.305543107675476,-2.690078274514235
36,stable,-3.915216873763711,-3.084783126236289,-2.701034851721488
37,stable,-2.329657339825644,-4.670342660174356,-2.144559182976082
38,stable,-4.359771521514631,-2.640228478485369,-2.664097805158235
39,stable,-2.982913112409733,-4.017086887590267,-2.665684754560061
40,stable,-3.160177534220566,-3.839822465779434,-2.125254587503150
41,stable,-2.838150807277998,-4.161849192722002,-2.443874604417942
42,stable,-3.367936303548049,-3.632063696451951,-2.449522348993924
43,stable,-3.131430412715417,-3.868569587284583,-2.279472983322194
44,stable,-3.258663453891131,-3.741336546108869,-2.029663246416021
45,stable,-4.324933301755664,-2.675066698244336,-2.407558064733166
46,stable,-3.337950409506448,-3.662049590493552,-2.582017009815900
47,stable,-.9226011569262482,-6.077398843073752,-2.220938855505665
48,stable,-3.620644452639681,-3.379355547360319,-2.319909814425046
49,stable,-2.299746448154110,-4.700253551845890,-3.205463949241675
50,stable,-1.658844536665129,-5.341155463334871,-2.000296838989016
51,stable,-3.019052746842135,-3.980947253157865,-1.974123986350605
52,stable,-3.384392179119459,-3.615607820880541,-2.279107849084539
53,stable,-3.988270300659224,-3.011729699340776,-2.714143671793863
54,stable,-4.388415034889476,-2.611584965110524,-2.612198535352945
55,stable,-3.224349105280453,-3.775650894719547,-2.521110344678164
56,stable,-4.511749128183510,-2.488250871816490,-2.792194660345558
57,stable,-2.985185569662008,-4.014814430337992,-2.022972156293690
58,stable,-1.889238281267808,-5.110761718732192,-2.481652707487228
59,stable,-3.946575005211344,-3.053424994788656,-2.135226194994175
60,stable,-3.244208525600698,-3.755791474399302,-2.559082071296871
61,stable,-3.073928217223511,-3.926071782776489,-2.389483175880741
62,stable,-2.094724857626716,-4.905275142373284,-2.529528801329434
63,stable,-3.663429593558249,-3.336570406441751,-2.234035337576643
64,stable,-3.915112550686899,-3.084887449313101,-2.713488988869358
65,stable,-3.529974834105815,-3.470025165894185,-2.329200865904568
66,stable,-2.466005228201539,-4.533994771798461,-2.531139467610046
67,stable,-2.157815146332723,-4.842184853667277,-2.161481655901298
68,stable,-1.731595664634369,-5.268404335365631,-2.655807014663878
69,stable,-2.776105772811206,-4.223894227188794,-2.912289644125849
70,stable,-2.855770907932310,-4.144229092067690,-2.498406647529919
71,stable,-2.525327061780445,-4.474672938219555,-2.164318770024693
72,stable,-3.852463191582501,-3.147536808417499,-2.971665260498412
73,stable,-3.603874224587344,-3.396125775412656,-2.922853785552434
74,stable,-3.930112657413702,-3.069887342586298,-2.366598340217024
75,stable,-1.823095895226288,-5.176904104773712,-2.247983922366984
76,stable,-3.737559375045748,-3.262440624954252,-2.181368714373093
77,stable,-1.074267593779950,-5.925732406220050,-3.312783973757178
78,stable,-3.496870404873334,-3.503129595126666,-2.380290064065775
79,stable,-3.510199475338595,-3.489800524661405,-1.986919622111600
80,stable,-3.229865262352178,-3.770134737647822,-2.667634804442059
81,stable,-.7470249408506788,-6.252975059149321,-2.662686076771934
82,stable,-1.621965995280334,-5.378034004719666,-2.721058165974682
83,stable,-2.824066116845643,-4.175933883154357,-2.464203175302828
84,stable,-1.485154245223384,-5.514845754776616,-1.777848161989823
85,stable,-2.471147192336502,-4.528852807663498,-2.447447714293958
86,stable,-2.263064969631159,-4.736935030368841,-2.347528492158744
87,stable,-3.703839757268724,-3.296160242731276,-1.785449267044896
88,stable,-2.381753227920854,-4.618246772079146,-2.377861491913791
89,stable,-3.191228260606294,-3.808771739393706,-2.335280248640629
90,stable,-2.613203385284578,-4.386796614715422,-2.474962934618816
91,stable,-2.192488870496163,-4.807511129503837,-2.989486703299917
92,stable,-3.916901788477844,-3.083098211522156,-2.229611739097891
93,stable,-2.642266837983698,-4.357733162016302,-2.172357981035020
94,stable,-2.433711442041385,-4.566288557958615,-2.213301656505791
95,stable,-3.763885203698010,-3.236114796301990,-2.199812878450757
96,stable,-3.604224803755642,-3.395775196244358,-2.118282201263355
97,stable,-4.103137749016241,-2.896862250983759,-2.475507522351108
98,stable,-3.885142662475573,-3.114857337524427,-2.467033325112425
99,stable,-3.717386512067606,-3.282613487932394,-2.922918005759129
100,stable,-1.774201000742323,-5.225798999257677,-2.578665598121006
101,stable,-1.566910209850903,-5.433089790149097,-2.567820659867721
102,stable,-2.647814222589659,-4.352185777410341,-2.417328097275458
103,stable,-1.170757293872157,-5.829242706127843,-2.320740087394370
104,stable,-3.619342765668989,-3.380657234331011,-2.620891804952407
105,stable,-3.190095375460260,-3.809904624539740,-2.367838037898764
106,stable,-3.585114859073656,-3.414885140926344,-2.658790991059504
107,stable,-3.568952269582951,-3.431047730417049,-2.664251861046068
108,stable,-3.075554413298960,-3.924445586701040,-2.488553702292847
109,stable,-3.954563217303075,-3.045436782696925,-2.222324053582270
110,stable,-2.252755304340099,-4.747244695659901,-2.360288395750104
111,stable,-4.476236527611036,-2.523763472388964,-2.152639403822832
112,stable,-4.359589797953959,-2.640410202046041,-2.340268499323429
113,stable,-3.808403152015671,-3.191596847984329,-2.585480480105616
114,stable,-3.397152771343826,-3.602847228656174,-2.487852635211311
115,stable,-3.592025430722970,-3.407974569277030,-2.376245327526703
116,stable,-3.893401820456347,-3.106598179543653,-2.437549848000344
117,stable,-3.774082437685138,-3.225917562314862,-2.449768854203285
118,stable,-2.779017550252320,-4.220982449747680,-2.343238021188881
119,stable,-2.955623134033885,-4.044376865966115,-2.515781048770805
120,stable,-2.573784306698144,-4.426215693301856,-2.406593276362401
121,stable,-2.947610409282788,-4.052389590717212,-2.763032844057307
122,stable,-2.793111450288961,-4.206888549711039,-2.293353735411074
123,stable,-2.830335109887528,-4.169664890112472,-2.832635526574450
124,stable,-3.241606527444674,-3.758393472555326,-2.447283192199393
125,stable,-2.405484716939100,-4.594515283060900,-2.137926613941090
126,stable,-2.918429620638562,-4.081570379361438,-2.485130960150855
127,stable,-1.777790660627943,-5.222209339372057,-2.811967954861757
128,stable,-1.387788749067113,-5.612211250932887,-2.616949906790978
129,stable,-3.640635164589185,-3.359364835410815,-2.501723392924760
130,stable,-2.905612238071626,-4.094387761928374,-2.687714551575482
131,stable,-2.341486599798372,-4.658513400201628,-2.673078964791785
132,stable,-2.726476088326308,-4.273523911673692,-2.365843392792158
133,stable,-2.461085449151142,-4.538914550848858,-2.562449339522573
134,stable,-3.170781311797327,-3.829218688202673,-4.046461852231005
135,stable,-3.394555895793019,-3.605444104206981,-2.345439018623438
136,stable,-3.213482693497880,-3.786517306502120,-2.488189546973445
137,stable,-3.231539314640031,-3.768460685359969,-2.366149946086807
138,stable,-3.436429107161530,-3.563570892838470,-2.384935151785612
139,stable,-4.082356463383803,-2.917643536616197,-2.752755034525762
140,stable,-2.780465109211946,-4.219534890788054,-2.918302524718456
141,stable,-3.572217782952066,-3.427782217047934,-2.140493668732233
142,stable,-4.047006448594402,-2.952993551405598,-2.993654644582421
143,stable,-3.139336717329570,-3.860663282670430,-2.226116804638878
144,stable,-3.881867133529340,-3.118132866470660,-2.405449775047600
145,stable,-3.583652892315385,-3.416347107684615,-2.273187087217138
146,stable,-3.083314143052121,-3.916685856947879,-1.935686755285133
147,stable,-3.086015473203588,-3.913984526796412,-2.250977431889623
148,stable,-2.923184903658694,-4.076815096341306,-3.696773741452489
149,stable,-5.092733243011025,-1.907266756988975,-2.120058340136893
150,stable,-3.182139833290421,-3.817860166709579,-2.006779389736039
151,stable,-2.786841871529759,-4.213158128470241,-2.449568545591319
152,stable,-3.385080492857014,-3.614919507142986,-2.510485168837477
153,stable,-3.612893941339280,-3.387106058660720,-2.543705871545171
154,stable,-2.852888799927314,-4.147111200072686,-2.081890726869460
155,stable,-2.635613726393785,-4.364386273606215,-2.220839387184242
156,stable,-2.983969874812828,-4.016030125187172,-2.139278285438195
157,stable,-1.651931145475828,-5.348068854524172,-2.822768372483552
158,stable,-2.701884936883289,-4.298115063116711,-2.049044714294723
159,unstable,.1822381077763566,-7.182238107776357,-1.895687189666205
160,stable,-3.171531085145034,-3.828468914854966,-1.990895394119434
161,stable,-2.633086317808193,-4.366913682191807,-2.195666056941263
162,stable,-3.622095283597446,-3.377904716402554,-2.442681468091905
163,stable,-3.131420357773095,-3.868579642226905,-2.144683817343321
164,stable,-3.706220824860793,-3.293779175139207,-3.532932963047642
165,stable,-3.336418822153064,-3.663581177846936,-2.377351223534788
166,stable,-4.530145821016049,-2.469854178983951,-2.197444955498213
167,stable,-1.970630040988908,-5.029369959011092,-1.718831840305938
168,stable,-3.863800140807143,-3.136199859192857,-3.088775820157025
169,stable,-3.234097891436704,-3.765902108563296,-2.859609069761063
170,stable,-3.901554198062513,-3.098445801937487,-2.260341899353079
171,stable,-2.550944692069606,-4.449055307930394,-2.796170591493137
172,stable,-2.428628892361303,-4.571371107638697,-2.221225523506291
173,stable,-3.525756917152648,-3.474243082847352,-2.061733495560475
174,stable,-3.547594345533071,-3.452405654466929,-2.611066146710073
175,stable,-3.485341262501606,-3.514658737498394,-2.500228599878028
176,stable,-4.465746109868633,-2.534253890131367,-2.463835172384279
177,stable,-3.141207577969908,-3.858792422030092,-2.102113864020794
178,stable,-2.726074433856411,-4.273925566143589,-2.212882504420122
179,stable,-2.823910769351642,-4.176089230648358,-3.026649935229216
180,stable,-3.645889115468890,-3.354110884531110,-2.369782485460746
181,stable,-.7147256442513026,-6.285274355748697,-2.294011451187544
182,stable,-2.482734489232826,-4.517265510767174,-2.997143153828802
183,stable,-2.470649468217744,-4.529350531782256,-2.513333453680389
184,stable,-3.716831044672290,-3.283168955327710,-3.218622908578254
185,stable,-4.049018246834748,-2.950981753165252,-2.217248548113275
186,stable,-2.753883346311341,-4.246116653688659,-2.763933039466792
187,stable,-2.779956208629301,-4.220043791370699,-2.599066188297002
188,stable,-2.981133124213557,-4.018866875786443,-2.752320681349374
189,stable,-3.299875174656336,-3.700124825343664,-2.242727430537343
190,stable,-2.790973456991196,-4.209026543008804,-2.202874335762317
191,stable,-3.264459691887168,-3.735540308112832,-2.301803241600282
192,stable,-3.529362696834141,-3.470637303165859,-2.374888150894549
193,stable,-3.686549381829991,-3.313450618170009,-2.467125611612573
194,stable,-2.859890285333677,-4.140109714666323,-2.298549838946201
195,stable,-3.335530911242586,-3.664469088757414,-3.363108719553566
196,stable,-3.462752484372686,-3.537247515627314,-1.843144622631371
197,stable,-2.298521409349632,-4.701478590650368,-2.426110529981088
198,stable,-3.689293994017135,-3.310706005982865,-2.866384696531895
199,stable,-4.388721444483963,-2.611278555516037,-2.489825318948533
200,stable,-.7957168767752592,-6.204283123224741,-2.214519799104892
201,stable,-4.235335294528340,-2.764664705471660,-2.055194585263962
202,stable,-3.792382277999423,-3.207617722000577,-2.915512043895433
203,stable,-1.552819662756519,-5.447180337243481,-2.827010633947793
204,stable,-.8417573976039421,-6.158242602396058,-2.065819775583805
205,stable,-1.864790674168034,-5.135209325831966,-2.131159367170767
206,stable,-2.245945555481740,-4.754054444518260,-3.025275994092226
207,stable,-2.251981399669603,-4.748018600330397,-2.230287511716597
208,stable,-2.150859829682304,-4.849140170317696,-3.081349215906812
209,stable,-3.401266359513102,-3.598733640486898,-2.144525897092535
210,stable,-3.456868072415091,-3.543131927584909,-2.495590072052437
211,stable,-2.297569243848557,-4.702430756151443,-2.963599710346898
212,stable,-2.999569411767880,-4.000430588232120,-2.385019824883784
213,stable,-3.342782974691090,-3.657217025308910,-2.073251675814390
214,stable,-2.614312902478559,-4.385687097521441,-2.758735077769870
215,stable,-3.385076664462758,-3.614923335537242,-2.082123286498245
216,stable,-3.134578637440882,-3.865421362559118,-2.225537039685150
217,stable,-2.911249066815799,-4.088750933184201,-2.977612417834507
218,stable,-3.875725104189769,-3.124274895810231,-2.249517890340940
219,stable,-2.380600927285741,-4.619399072714259,-2.199001652945299
220,stable,-2.689745192996725,-4.310254807003275,-2.435329082363751
221,stable,-2.871281952344361,-4.128718047655639,-2.815499097574502
222,stable,-3.396680372565243,-3.603319627434757,-2.474208068961161
223,stable,-3.706142497641849,-3.293857502358151,-1.977404124685563
224,stable,-3.814839731110624,-3.185160268889376,-2.325932902283967
225,stable,-3.755087068697321,-3.244912931302679,-2.456109419173117
226,stable,-2.368074877675099,-4.631925122324901,-2.433668278652476
227,stable,-1.973969476755883,-5.026030523244117,-2.295916178161860
228,stable,-1.789520722151792,-5.210479277848208,-2.255666655284585
229,stable,-3.592645248945701,-3.407354751054299,-2.567012081155553
230,stable,-2.918797680686112,-4.081202319313888,-2.225992206134833
231,stable,-3.756344006106247,-3.243655993893753,-2.399781468091533
232,stable,-1.515918882741062,-5.484081117258938,-2.142055978009012
233,stable,-3.843263849325012,-3.156736150674988,-2.791437591375143
234,stable,-2.996798028136254,-4.003201971863746,-2.262517456525529
235,stable,-2.361283348104735,-4.638716651895265,-2.624088053125888
236,stable,-2.822468452170142,-4.177531547829858,-2.243364915557322
237,stable,-1.563130263582934,-5.436869736417066,-2.909445473022060
238,stable,-2.693858553036989,-4.306141446963011,-2.421583481249399
239,stable,-4.104283647480770,-2.895716352519230,-2.499336823791964
240,unstable,1.484445679609053,-8.484445679609053,-2.057101654034341
241,stable,-2.693490451085381,-4.306509548914619,-2.538855241683450
242,stable,-1.009774724763702,-5.990225275236298,-2.900427136250073
243,stable,-2.792489927604038,-4.207510072395962,-2.875101715224446
244,stable,-1.688414756314160,-5.311585243685840,-2.229811109275033
245,stable,-2.877168442661969,-4.122831557338031,-2.213756720884703
246,stable,-1.995797221243265,-5.004202778756735,-2.745394743222278
247,stable,-3.153000358666759,-3.846999641333241,-2.547033255570568
248,stable,-3.312807702051941,-3.687192297948059,-2.159469754238671
249,stable,-1.584905892057577,-5.415094107942423,-2.486395846615778
250,stable,-4.479609894668101,-2.520390105331899,-2.555950880370801
251,stable,-2.328719822256971,-4.671280177743029,-2.286365782492794
252,stable,-1.230524470003729,-5.769475529996271,-2.147540863137692
253,stable,-3.711582930776785,-3.288417069223215,-2.656983417226002
254,stable,-2.773778445167409,-4.226221554832591,-2.250425875710789
255,stable,-1.580080727158929,-5.419919272841071,-2.472519710892811
256,stable,-3.881413420482204,-3.118586579517796,-2.226650124590378
257,stable,-2.687932158711192,-4.312067841288808,-2.241263146250276
258,stable,-1.140306772155782,-5.859693227844218,-2.629588934200001
259,stable,-1.974498156474510,-5.025501843525490,-2.323338904474440
260,stable,-3.925091209006496,-3.074908790993504,-2.064562847488560
261,stable,-3.445783214119729,-3.554216785880271,-2.940846067620441
262,stable,-2.235911563788704,-4.764088436211296,-2.023814458574634
263,stable,-2.421707664701898,-4.578292335298102,-2.197328748705331
264,stable,-4.214795472202240,-2.785204527797760,-2.750661782934912
265,stable,-3.422276796134611,-3.577723203865389,-3.065603549592197
266,stable,-2.479905122396303,-4.520094877603697,-2.817266579077113
267,stable,-2.787372127289018,-4.212627872710982,-2.550506760220742
268,stable,-3.564951851251863,-3.435048148748137,-3.024958023248473
269,stable,-1.399309390435519,-5.600690609564481,-2.301256147504319
270,stable,-2.914190750489070,-4.085809249510930,-1.806336927023949
271,stable,-2.835652224991108,-4.164347775008892,-2.260376207064837
272,stable,-3.497876928656169,-3.502123071343831,-2.571421902401198
273,stable,-2.022275259971593,-4.977724740028407,-2.394794637250016
274,stable,-2.020253688911907,-4.979746311088093,-2.672500313376077
275,stable,-.5537032647262095,-6.446296735273791,-2.376241359743290
276,stable,-3.751869877960416,-3.248130122039584,-2.043518648439203
277,stable,-3.720132521964842,-3.279867478035158,-2.506278712506173
278,stable,-3.216229992031003,-3.783770007968997,-2.160536864415917
279,stable,-3.047789894975722,-3.952210105024278,-2.743121701874770
280,stable,-2.835392628311638,-4.164607371688362,-2.285439753250103
281,stable,-2.191912190246512,-4.808087809753488,-2.458824363478925
282,stable,-4.118973420707334,-2.881026579292666,-2.550909033248900
283,stable,-2.195180957716730,-4.804819042283270,-1.996664186881389
284,stable,-2.477462502698472,-4.522537497301528,-2.233680026212824
285,stable,-2.485228603931319,-4.514771396068681,-2.191422149480786
286,stable,-4.084654171820148,-2.915345828179852,-2.704897888674168
287,stable,-2.268673635662708,-4.731326364337292,-2.193228060641559
288,stable,-2.645557858319080,-4.354442141680920,-2.228737053694203
289,stable,-3.125852731012856,-3.874147268987144,-3.660588783648564
290,stable,-4.039578123496540,-2.960421876503460,-2.769936745069572
291,stable,-2.717366332531128,-4.282633667468872,-2.002025550580584
292,stable,-3.458810506723239,-3.541189493276761,-2.422890405054204
293,stable,-3.447456634028640,-3.552543365971360,-2.091267170297215
294,stable,-3.649389950129262,-3.350610049870738,-2.725550181872677
295,stable,-4.085544480704812,-2.914455519295188,-3.434604922367726
296,stable,-3.025881786219543,-3.974118213780457,-1.994215320795774
297,stable,-3.260100765459356,-3.739899234540644,-2.188184213082423
298,stable,-3.133875754101609,-3.866124245898391,-2.615135412837844
299,stable,-3.086234359125228,-3.913765640874772,-2.442733458708972
300,stable,-2.089858538733097,-4.910141461266903,-2.622417978156591
301,stable,-4.188248249276512,-2.811751750723488,-2.583745417825412
302,stable,-3.374598260546918,-3.625401739453082,-2.117297318647616
303,stable,-2.969632018206539,-4.030367981793461,-2.875977794523351
304,stable,-2.739445768921996,-4.260554231078004,-2.179830639113788
305,stable,-3.388882568106055,-3.611117431893945,-4.068300770362839
306,stable,-2.730593441687233,-4.269406558312767,-2.142529005432152
307,stable,-2.783300815834082,-4.216699184165918,-1.980512951267883
308,stable,-2.200129267344892,-4.799870732655108,-3.248889383161440
309,stable,-1.235301611548493,-5.764698388451507,-3.004326634945755
310,stable,-2.814908049971564,-4.185091950028436,-2.232603144831955
311,stable,-3.921954295366049,-3.078045704633951,-2.264367774099810
312,stable,-2.377533471320930,-4.622466528679070,-2.696565223741345
313,stable,-3.745769582898902,-3.254230417101098,-2.633769801468588
314,stable,-3.646463894784574,-3.353536105215426,-2.144059338999796
315,stable,-3.647969953915890,-3.352030046084110,-2.137319529836532
316,stable,-1.540978315813845,-5.459021684186155,-2.328138330718502
317,stable,-3.106979861215223,-3.893020138784777,-1.999887953439611
318,stable,-4.404845990823560,-2.595154009176440,-2.632931984961033
319,stable,-4.374579927049126,-2.625420072950874,-2.942039645160548
320,stable,-3.422441052030990,-3.577558947969010,-2.260976898483932
321,stable,-1.263226714228495,-5.736773285771505,-2.618254351742507
322,stable,-2.675381297773129,-4.324618702226871,-2.505249299516436
323,stable,-2.767688921065201,-4.232311078934799,-2.698140439513736
324,stable,-3.420121061673854,-3.579878938326146,-2.104734663385898
325,stable,-1.281975107288417,-5.718024892711583,-3.164322162832832
326,stable,-3.062312717536770,-3.937687282463230,-2.441431512532290
327,stable,-3.520460501134949,-3.479539498865051,-2.398367319896352
328,stable,-2.144419400006882,-4.855580599993118,-2.043902564330892
329,stable,-1.174093007135525,-5.825906992864475,-2.626808132816222
330,stable,-2.187964166203528,-4.812035833796472,-2.667757566028740
331,stable,-2.132867042426369,-4.867132957573631,-2.238263106628438
332,stable,-3.507005366598605,-3.492994633401395,-2.501409418502590
333,stable,-3.158905856537331,-3.841094143462669,-2.525744732083695
334,stable,-3.254003209040548,-3.745996790959452,-2.464949200395495
335,stable,-1.754498448081677,-5.245501551918323,-2.339713028690312
336,stable,-3.859192083276866,-3.140807916723134,-2.198838990472723
337,stable,-2.745512100053020,-4.254487899946980,-2.355805457729730
338,stable,-4.024566897642217,-2.975433102357783,-3.153163948794827
339,stable,-3.552328931888042,-3.447671068111958,-3.093518404513816
340,stable,-2.748639502213337,-4.251360497786663,-2.906581436967826
341,stable,-2.359292862718576,-4.640707137281424,-2.020171134965494
342,stable,-3.922951181499229,-3.077048818500771,-2.491002586204559
343,stable,-2.032573676451648,-4.967426323548352,-2.285164954140782
344,stable,-1.041207369529729,-5.958792630470271,-2.697581111104228
345,stable,-3.940252358457656,-3.059747641542344,-2.060080416267738
346,stable,-2.790963417690364,-4.209036582309636,-2.624183151230682
347,stable,-1.721901788137984,-5.278098211862016,-2.158999085921096
348,stable,-3.368767010753800,-3.631232989246200,-1.961498264805414
349,stable,-.7297155553060293,-6.270284444693971,-2.456702857278287
350,stable,-1.990595600676897,-5.009404399323103,-2.899417955937679
351,stable,-1.352438514287314,-5.647561485712686,-1.990772146215022
352,stable,-4.303609850700013,-2.696390149299987,-2.374753717507701
353,stable,-2.256826308476775,-4.743173691523225,-2.515852599695791
354,stable,-3.876554768725327,-3.123445231274673,-2.934497532303794
355,stable,-2.903696581510303,-4.096303418489697,-3.130061204428785
356,stable,-3.246443639152858,-3.753556360847142,-2.319556282309350
357,stable,-3.622122775646858,-3.377877224353142,-2.607807564381801
358,stable,-3.088431804674656,-3.911568195325344,-2.669353870180203
359,stable,-3.970653531054268,-3.029346468945732,-2.627716287686781
360,stable,-3.027012101683795,-3.972987898316205,-2.289517834549770
361,stable,-4.016311843159201,-2.983688156840799,-2.679592065192992
362,stable,-1.551947879313957,-5.448052120686043,-2.505490508803632
363,stable,-4.110350574330369,-2.889649425669631,-2.747534179594368
364,stable,-2.552024773704034,-4.447975226295966,-3.045263057691045
365,stable,-2.583750086798318,-4.416249913201682,-2.361186603491660
366,stable,-3.560936424299143,-3.439063575700857,-2.650868720375001
367,stable,-3.444051081148700,-3.555948918851300,-2.824818943554419
368,stable,-3.762358590327494,-3.237641409672506,-2.811110283902963
369,stable,-3.904352690045926,-3.095647309954074,-2.240593347232789
370,stable,-3.435112282211776,-3.564887717788224,-2.185218476333830
371,stable,-3.514380690605321,-3.485619309394679,-2.594052645254123
372,stable,-3.234470843672170,-3.765529156327830,-2.715581817144994
373,stable,-.9209097891944111,-6.079090210805589,-2.611994234597660
374,stable,-.4600847845940734,-6.539915215405927,-2.418470340198837
375,stable,-3.420272714021849,-3.579727285978151,-2.824890045827487
376,stable,-2.241566896579570,-4.758433103420430,-2.181463243847247
377,stable,-2.768906999874162,-4.231093000125838,-2.348082164011430
378,stable,-2.989697521479684,-4.010302478520316,-2.584551605192246
379,stable,-2.787629319889675,-4.212370680110325,-1.955158990225755
380,stable,-1.802726052570506,-5.197273947429494,-2.016933010629145
381,stable,-3.647908703824214,-3.352091296175786,-2.847198264615145
382,stable,-2.905673507237225,-4.094326492762775,-2.839187456236687
383,stable,-3.822830984099710,-3.177169015900290,-2.480826738368705
384,stable,-4.176978180468723,-2.823021819531277,-2.801949246961158
385,stable,-3.860671337286476,-3.139328662713524,-2.940017177821574
386,stable,-3.613764744191940,-3.386235255808060,-1.832970516770729
387,stable,-2.005862424608495,-4.994137575391505,-2.230109674565028
388,stable,-2.060206248832401,-4.939793751167599,-2.630083114607260
389,stable,-3.468999331741088,-3.531000668258912,-2.354032401897712
390,stable,-1.788348115320332,-5.211651884679668,-2.500893166929018
391,stable,-4.384112854501836,-2.615887145498164,-2.057656098797452
392,unstable,.6081264818494674,-7.608126481849467,-2.578086221008562
393,stable,-2.990495984864538,-4.009504015135462,-2.852064314240124
394,stable,-1.075348487735027,-5.924651512264973,-2.725176561390981
395,stable,-3.191435748467484,-3.808564251532516,-2.597704784711823
396,stable,-4.236385825235629,-2.763614174764371,-1.905208844691515
397,stable,-3.671880351073924,-3.328119648926076,-2.304224911786150
398,stable,-3.844734001427241,-3.155265998572759,-2.222945616114885
399,stable,-2.622666180959641,-4.377333819040359,-2.852807241259143
400,stable,-3.904091042175423,-3.095908957824577,-2.799896213662578
401,stable,-2.715201597369742,-4.284798402630258,-2.237689769535791
402,stable,-2.446053361578379,-4.553946638421621,-2.109280775533989
403,stable,-2.967160043623153,-4.032839956376847,-2.460040963400388
404,stable,-1.579255506992013,-5.420744493007987,-2.552511472204060
405,stable,-1.375103034588392,-5.624896965411608,-2.294329419673886
406,stable,-1.297127666824963,-5.702872333175037,-3.083920975292131
407,stable,-2.643530443943746,-4.356469556056254,-2.505026507982620
408,stable,-3.529348917616517,-3.470651082383483,-2.291763481145608
409,stable,-2.311897314732050,-4.688102685267950,-2.465900382783730
410,stable,-3.267494722644187,-3.732505277355813,-2.570829509175383
411,stable,-2.224978468279005,-4.775021531720995,-2.293912644010561
412,stable,-2.398967709619683,-4.601032290380317,-2.853628298180411
413,stable,-2.922686367004644,-4.077313632995356,-2.235851664270740
414,stable,-3.052887904854288,-3.947112095145712,-2.479239277352463
415,stable,-3.621844050343498,-3.378155949656502,-2.996094457223080
416,stable,-.5371264385976247,-6.462873561402375,-2.042647134279832
417,stable,-3.627842704736395,-3.372157295263605,-2.291900690644979
418,stable,-4.489172853051059,-2.510827146948941,-2.624242920632241
419,stable,-4.706914552753005,-2.293085447246995,-3.409462726966012
420,stable,-3.379277016530978,-3.620722983469022,-2.306635592307430
421,stable,-3.636642436998955,-3.363357563001045,-2.279695422817895
422,stable,-2.259162992688289,-4.740837007311711,-3.394597638398409
423,stable,-2.081102840071253,-4.918897159928747,-2.340238878328819
424,stable,-2.763073808131594,-4.236926191868406,-2.125236413441598
425,stable,-3.332958007682464,-3.667041992317536,-2.523243299510796
426,stable,-3.788578640976084,-3.211421359023916,-2.924078447162174
427,stable,-3.798626354242515,-3.201373645757485,-2.319610835402273
428,stable,-2.287544176781921,-4.712455823218079,-2.177895213128068
429,stable,-2.371739567955956,-4.628260432044044,-2.269899545557564
430,stable,-2.872820035829136,-4.127179964170864,-2.742725915508345
431,stable,-2.246838536717405,-4.753161463282595,-2.280044353749872
432,stable,-2.237999910172221,-4.762000089827779,-2.429942595364992
433,stable,-1.074272912097513,-5.925727087902487,-2.893185494060162
434,stable,-3.481667277423639,-3.518332722576361,-2.351635965402238
435,stable,-1.744596908643871,-5.255403091356129,-2.407195824634982
436,stable,-2.857788606834220,-4.142211393165780,-3.170492526551243
437,stable,-.7061441987389117,-6.293855801261088,-2.214226777432486
438,stable,-3.689458928705790,-3.310541071294210,-2.291068131336942
439,stable,-3.209259420065791,-3.790740579934209,-2.486800253675028
440,stable,-3.316815962400142,-3.683184037599858,-1.848123828036478
441,stable,-1.769607483969594,-5.230392516030406,-2.050000453367829
442,stable,-3.445510261051822,-3.554489738948178,-2.958859326434322
443,stable,-.3337622718026978,-6.666237728197302,-3.357657060885685
444,stable,-2.218568228232471,-4.781431771767529,-2.582825498655438
445,stable,-2.748198664659867,-4.251801335340133,-3.347174959024414
446,stable,-3.422929191983712,-3.577070808016288,-2.361248926914413
447,stable,-1.165227416302514,-5.834772583697486,-1.912359655994806
448,stable,-3.568767749879044,-3.431232250120956,-2.431350145867327
449,stable,-2.805478755328295,-4.194521244671705,-2.935049691990571
450,stable,-3.247377018575207,-3.752622981424793,-3.173592444152746
451,stable,-3.215041817878955,-3.784958182121045,-2.053624609019607
452,stable,-2.300031075894367,-4.699968924105633,-2.599893589562271
453,stable,-2.263334357616259,-4.736665642383741,-2.941200126137119
454,stable,-3.051113933506713,-3.948886066493287,-2.321793721523136
455,stable,-.8953564487464973,-6.104643551253503,-2.476618794858950
456,stable,-4.380037576080213,-2.619962423919787,-3.089260589098558
457,stable,-3.673159214101361,-3.326840785898639,-2.212110780936200
458,stable,-3.671602178855665,-3.328397821144335,-2.556134684855351
459,stable,-1.260510039519431,-5.739489960480569,-2.063489588210359
460,stable,-1.223017684114893,-5.776982315885107,-2.936464481404983
461,stable,-2.099430664624379,-4.900569335375621,-2.206315577030182
462,stable,-3.662165151653426,-3.337834848346574,-2.340374800569407
463,stable,-3.189690809173044,-3.810309190826956,-2.999650238314644
464,stable,-2.624843408602828,-4.375156591397172,-2.832964020009967
465,stable,-2.305526385302073,-4.694473614697927,-2.577005435887258
466,stable,-4.475953101973573,-2.524046898026427,-2.020198550500936
467,stable,-3.732896931665891,-3.267103068334109,-2.020634833170334
468,stable,-2.524956505727459,-4.475043494272541,-2.736271629742987
469,stable,-2.466437769930053,-4.533562230069947,-2.126324847922660
470,stable,-2.537882516957325,-4.462117483042675,-2.674324443934893
471,stable,-3.218693258277199,-3.781306741722801,-2.228453641524538
472,stable,-4.045343605496782,-2.954656394503218,-2.101821982090769
473,unstable,.5812792112010357E-02,-7.005812792112010,-2.155892787151970
474,stable,-2.759326049902484,-4.240673950097516,-2.682253072242020
475,stable,-2.290439906118991,-4.709560093881009,-2.633659275365062
476,stable,-1.901503005982249,-5.098496994017751,-2.297982519863581
477,stable,-.9263828713519615,-6.073617128648038,-3.036879085659166
478,stable,-3.476290929444076,-3.523709070555924,-2.623885716006043
479,stable,-3.374185614851513,-3.625814385148487,-2.294985692336923
480,stable,-3.231048565256060,-3.768951434743940,-3.211899874964729
481,stable,-1.438644441768702,-5.561355558231298,-2.292434662245796
482,stable,-1.885487768682651,-5.114512231317349,-1.917702467668278
483,stable,-3.046033197464567,-3.953966802535433,-2.858539745095186
484,stable,-3.412109250159119,-3.587890749840881,-2.835622197482735
485,stable,-2.655882488565112,-4.344117511434888,-2.560437983776865
486,stable,-2.427248675179726,-4.572751324820274,-2.342286006518407
487,stable,-2.160176306762878,-4.839823693237122,-2.558518783058389
488,stable,-3.567141274339519,-3.432858725660481,-2.530804037902271
489,stable,-2.514728193287738,-4.485271806712262,-2.456862915561942
490,stable,-2.191540864114359,-4.808459135885641,-2.631261084112339
491,stable,-1.666273365219240,-5.333726634780760,-2.197797755070496
492,stable,-2.977530209042015,-4.022469790957985,-2.672178433262161
493,stable,-3.972877472348046,-3.027122527651954,-2.707203169818968
494,stable,-2.475067470782960,-4.524932529217040,-2.418457311403472
495,stable,-2.804836230008732,-4.195163769991268,-2.176051869522780
496,stable,-3.518143395453080,-3.481856604546920,-2.410021880874410
497,stable,-1.340115825369139,-5.659884174630861,-3.297445096424781
498,stable,-2.561103785235900,-4.438896214764100,-2.674094400172180
499,stable,-2.314589713278110,-4.685410286721890,-2.759817931131693
500,stable,-3.552739598675998,-3.447260401324002,-2.176957619260065
501,stable,-3.014964990223234,-3.985035009776766,-2.252053822536254
502,stable,-3.039440704228127,-3.960559295771873,-2.701951036928222
503,stable,-3.920346345490543,-3.079653654509457,-2.191464465911849
504,stable,-1.757339504014453,-5.242660495985547,-1.684358269034419
505,stable,-.8109413529498397,-6.189058647050160,-2.600873205738026
506,stable,-3.402496561977387,-3.597503438022613,-2.284827270894311
507,stable,-3.379252984622326,-3.620747015377674,-2.103480095116538
508,stable,-3.887936932638695,-3.112063067361305,-2.857069805599167
509,stable,-3.741537041272750,-3.258462958727250,-2.522685694304528
510,stable,-.1525049529664102,-6.847495047033590,-2.409469029284082
511,stable,-3.876522145666968,-3.123477854333032,-2.320704312563976
512,stable,-3.199590458971215,-3.800409541028785,-3.033288737122348
513,stable,-2.365302416361374,-4.634697583638626,-2.469548623077571
514,stable,-3.684335631522117,-3.315664368477883,-2.313123169826213
515,stable,-2.921533818451280,-4.078466181548720,-2.165429366577882
516,stable,-1.645542766862491,-5.354457233137509,-2.174730377853848
517,stable,-3.321122733648735,-3.678877266351265,-2.518601184303407
518,stable,-2.319305330620409,-4.680694669379591,-2.427801029320108
519,stable,-2.304499111462064,-4.695500888537936,-2.673520432610530
520,stable,-2.849350108207545,-4.150649891792455,-2.772948492827709
521,stable,-2.842942792587564,-4.157057207412436,-2.639690228061227
522,stable,-3.230239041338791,-3.769760958661209,-2.277326018280291
523,stable,-2.430009423642332,-4.569990576357668,-1.874882246280322
524,stable,-3.636449427947809,-3.363550572052191,-2.264189587935107
525,stable,-3.648738185991533,-3.351261814008467,-2.016600254457444
526,stable,-3.951995554882160,-3.048004445117840,-2.289753546181601
527,stable,-3.239600892542512,-3.760399107457488,-1.932758929789998
528,stable,-3.319535458700557,-3.680464541299443,-2.906011431630759
529,stable,-3.498690225271275,-3.501309774728725,-2.472125543979928
530,stable,-2.483038559754149,-4.516961440245851,-2.408660713001154
531,stable,-1.988246652224916,-5.011753347775084,-2.278779173270777
532,stable,-2.808681361173512,-4.191318638826488,-2.181908695027232
533,stable,-4.027273954081920,-2.972726045918080,-2.494958316048724
534,stable,-3.059712030197261,-3.940287969802739,-2.663995633483864
535,stable,-2.645727938535856,-4.354272061464144,-3.277412987912612
536,stable,-3.255459028325276,-3.744540971674724,-2.523005589260720
537,stable,-3.562802327458485,-3.437197672541515,-2.346306303952588
538,stable,-3.420174255335951,-3.579825744664049,-2.670611954294145
539,stable,-3.853562096513997,-3.146437903486003,-2.817978437029524
540,stable,-3.157533592675463,-3.842466407324537,-4.015987848149962
541,stable,-4.319779916717380,-2.680220083282620,-2.974812619679142
542,stable,-1.631298604857875,-5.368701395142125,-2.874315728549846
543,stable,-2.650184303494825,-4.349815696505175,-2.427090056706220
544,stable,-1.315240427087701,-5.684759572912299,-2.314084944067872
545,stable,-3.596771183856617,-3.403228816143383,-2.019143381752656
546,stable,-3.758247789693996,-3.241752210306004,-2.965032379157492
547,stable,-2.786236473850295,-4.213763526149705,-2.446644949261099
548,stable,-3.438099669830990,-3.561900330169010,-2.090588587598177
549,stable,-2.481499351080856,-4.518500648919144,-2.411236646294128
550,stable,-3.284951288576849,-3.715048711423151,-2.547655191796366
551,stable,-1.705495738955506,-5.294504261044494,-2.775299060507677
552,stable,-3.317758744618914,-3.682241255381086,-2.766373944468796
553,stable,-2.896645230379363,-4.103354769620637,-2.798611943901051
554,stable,-3.634454318374992,-3.365545681625008,-2.522864279369514
555,stable,-2.820055712402791,-4.179944287597209,-2.140622854814865
556,stable,-2.456123941858095,-4.543876058141905,-2.966766756522702
557,stable,-2.288150361916450,-4.711849638083550,-2.129829326411709
558,stable,-3.502264322756673,-3.497735677243327,-2.486939665104728
559,stable,-3.140631249455055,-3.859368750544945,-2.830743561091367
560,stable,-2.458760043009534,-4.541239956990466,-2.691652130364673
561,stable,-3.460525885893730,-3.539474114106270,-2.553490562131628
562,stable,-2.518915229826234,-4.481084770173766,-2.644168694736436
563,stable,-3.152809056475235,-3.847190943524765,-2.088443913744413
564,stable,-2.627104144179611,-4.372895855820389,-2.804651382612064
565,stable,-1.857585552905221,-5.142414447094779,-3.040145853577997
566,stable,-2.819720329883239,-4.180279670116761,-3.154417505720630
567,stable,-2.368120810202527,-4.631879189797473,-1.956128864132552
568,stable,-1.352275220882802,-5.647724779117198,-2.468322276574327
569,stable,-1.218349228358420,-5.781650771641580,-2.166430444223806
570,stable,-3.598224733810639,-3.401775266189361,-2.277108471685096
571,stable,-2.075154794656555,-4.924845205343445,-2.082866795652080
572,stable,-2.833625401377503,-4.166374598622497,-2.286577011866029
573,stable,-2.720119772111502,-4.279880227888498,-2.176744132186286
574,stable,-2.500035144021695,-4.499964855978305,-2.431485884822905
575,stable,-1.932173433344360,-5.067826566655640,-2.182754700130317
576,stable,-3.964566115646448,-3.035433884353552,-1.959131446601532
577,stable,-2.420354836736806,-4.579645163263194,-2.636761061410652
578,stable,-3.349844279918216,-3.650155720081784,-2.737231622391846
579,stable,-2.199430010965443,-4.800569989034557,-2.509188430485665
580,stable,-3.176404602634648,-3.823595397365352,-2.854305808050412
581,stable,-3.148873514808656,-3.851126485191344,-2.562287909095176
582,stable,-3.676197111468355,-3.323802888531645,-2.343302266264800
583,stable,-3.752662472659722,-3.247337527340278,-2.194777160271769
584,stable,-1.749164604099860,-5.250835395900140,-2.816238572704606
585,stable,-4.308620643430913,-2.691379356569087,-1.824050501163583
586,stable,-4.488130435267522,-2.511869564732478,-2.397591845681745
587,stable,-2.785299513390783,-4.214700486609217,-2.384933126711985
588,stable,-2.616792716638884,-4.383207283361116,-2.663470228755614
589,stable,-3.256397056207788,-3.743602943792212,-2.359324989804009
590,stable,-3.929663110793626,-3.070336889206374,-2.859703595982864
591,stable,-2.236925894855631,-4.763074105144369,-3.082988140347879
592,stable,-3.387414968478879,-3.612585031521121,-2.474465033221350
593,stable,-4.222434012933263,-2.777565987066737,-2.445720101764891
594,stable,-4.239927747848924,-2.760072252151076,-3.138855920682545
595,stable,-3.578858202394258,-3.421141797605742,-2.484485643195512
596,stable,-3.593537857786941,-3.406462142213059,-2.623714664194267
597,stable,-2.177463664025709,-4.822536335974291,-2.439803903893335
598,stable,-3.146589200015114,-3.853410799984886,-2.044725872270647
599,stable,-2.866229441024188,-4.133770558975812,-2.430017097562086
600,stable,-3.705688636313425,-3.294311363686575,-2.463270613690838
601,stable,-3.541953060258038,-3.458046939741962,-2.800840845797211
602,stable,-2.292115678545088,-4.707884321454912,-2.173300143331289
603,stable,-2.539131725257903,-4.460868274742097,-2.878723162022652
604,stable,-2.931023042480319,-4.068976957519681,-2.313032921374543
605,stable,-3.776043001787912,-3.223956998212088,-2.815594574087299
606,stable,-3.786462908305111,-3.213537091694889,-2.262207775493152
607,stable,-3.778418428286386,-3.221581571713614,-2.442779280769173
608,stable,-1.156988350379834,-5.843011649620166,-2.713058595778421
609,stable,-3.464036866213974,-3.535963133786026,-1.796824847522657
610,stable,-1.069002754142275,-5.930997245857725,-2.998798803891987
611,stable,-2.565162526596396,-4.434837473403604,-2.899863201106200
612,stable,-3.957282869903793,-3.042717130096207,-3.037762199812278
613,stable,-3.484540899948115,-3.515459100051885,-2.774071307627310
614,stable,-4.357471272816838,-2.642528727183162,-2.627716029703151
615,stable,-3.482679234683019,-3.517320765316981,-2.804347656481823
616,stable,-.3724909024531371,-6.627509097546863,-2.957930954697076
617,stable,-2.799120015022709,-4.200879984977291,-2.139801844721660
618,stable,-3.930334528564345,-3.069665471435655,-2.213416155369487
619,stable,-3.442059689707094,-3.557940310292906,-2.853080203887657
620,stable,-2.095716107420230,-4.904283892579770,-2.315266766279819
621,stable,-3.834566451998398,-3.165433548001602,-2.559466383885592
622,stable,-3.773458821575332,-3.226541178424668,-2.316438373003621
623,stable,-4.117892001930159,-2.882107998069841,-2.887387569702696
624,stable,-3.999697820814617,-3.000302179185383,-2.330745409009978
625,stable,-3.762849346094299,-3.237150653905701,-3.221880009339657
626,stable,-3.564971235158737,-3.435028764841263,-2.389779694960453
627,stable,-2.691325905594567,-4.308674094405433,-2.263991641695611
628,stable,-2.385085228903336,-4.614914771096664,-3.111167812559870
629,stable,-3.375796435708253,-3.624203564291747,-2.437308053020388
630,stable,-3.459060708009929,-3.540939291990071,-2.962694542064128
631,stable,-2.910294572269777,-4.089705427730223,-2.327364603639580
632,stable,-3.422166762302368,-3.577833237697632,-1.987225695485904
633,stable,-1.310501758547616,-5.689498241452384,-2.573774769844022
634,stable,-2.341808818990103,-4.658191181009897,-2.523977587203262
635,stable,-3.415589197989902,-3.584410802010098,-2.541611605382059
636,stable,-2.976129088080597,-4.023870911919403,-2.709042841568589
637,stable,-3.035534521943191,-3.964465478056809,-2.429248534142971
638,stable,-4.438170651405017,-2.561829348594983,-2.231593012751546
639,stable,-3.197629983289517,-3.802370016710483,-2.297952470311429
640,stable,-2.777898046704649,-4.222101953295351,-3.360460376221454
641,stable,-3.175228917081768,-3.824771082918232,-2.349136243108660
642,stable,-3.140693791146987,-3.859306208853013,-2.273759295116179
643,stable,-1.750412205085013,-5.249587794914987,-3.327600553166121
644,stable,-2.474060342922712,-4.525939657077288,-2.485790671315044
645,stable,-3.431551408852101,-3.568448591147899,-2.337869640905410
646,stable,-3.244861089840924,-3.755138910159076,-3.021792275336338
647,stable,-2.774674614796822,-4.225325385203178,-2.340533433918608
648,stable,-1.498907655943185,-5.501092344056815,-2.807450294742011
649,stable,-3.388839191155967,-3.611160808844033,-2.840147965936922
650,stable,-3.448906010567953,-3.551093989432047,-2.443291221046820
651,stable,-.5159880518040154,-6.484011948195985,-2.043291785565089
652,stable,-1.951762559530835,-5.048237440469165,-2.447243915128638
653,stable,-2.402822264259157,-4.597177735740843,-2.699928095447831
654,stable,-.8928402521851240,-6.107159747814876,-2.393415313737933
655,stable,-3.820807077211612,-3.179192922788388,-2.915881308159442
656,stable,-3.427180943392159,-3.572819056607841,-2.522567777676159
657,stable,-2.287446191396157,-4.712553808603843,-2.840599207163905
658,stable,-3.066577607140061,-3.933422392859939,-2.188236653106287
659,stable,-2.612208583992469,-4.387791416007531,-2.606148879451212
660,stable,-2.481900544253222,-4.518099455746778,-2.515435071254615
661,stable,-3.819690703356173,-3.180309296643827,-2.779122089443263
662,stable,-3.046439400055533,-3.953560599944467,-1.853934414248215
663,stable,-4.663017423867132,-2.336982576132868,-2.446719544881489
664,stable,-3.476467771703028,-3.523532228296972,-2.987568797077984
665,stable,-1.950622573000146,-5.049377426999854,-2.289326867205091
666,stable,-3.562431312908302,-3.437568687091698,-2.145595790119842
667,stable,-1.468594727848540,-5.531405272151460,-2.668590268618573
668,stable,-3.010642023575656,-3.989357976424344,-2.912565705715679
669,stable,-3.606322144248225,-3.393677855751775,-2.018432056996971
670,stable,-2.970269707308034,-4.029730292691966,-3.045352660643402
671,stable,-2.964943817212770,-4.035056182787230,-2.472973468014970
672,stable,-2.715846581424557,-4.284153418575443,-2.168897552590352
673,stable,-3.793405348136730,-3.206594651863270,-2.563076405727770
674,stable,-2.588797679942218,-4.411202320057782,-2.512366612558253
675,stable,-1.623749415484781,-5.376250584515219,-3.068856274767313
676,stable,-4.528896449613967,-2.471103550386033,-2.528799040650483
677,stable,-3.703263182882310,-3.296736817117690,-2.667598375817761
678,stable,-3.284363145980024,-3.715636854019976,-2.640680643089581
679,stable,-1.439958677026880,-5.560041322973120,-2.737227403384168
680,stable,-3.477596195980368,-3.522403804019632,-2.010882234142628
681,stable,-2.231643604085548,-4.768356395914452,-2.206157920300029
682,stable,-4.234725152025931,-2.765274847974069,-3.046506151789799
683,stable,-3.680001183529384,-3.319998816470616,-3.787293140252586
684,stable,-2.837694371450198,-4.162305628549802,-2.456178920168895
685,stable,-2.594782447798934,-4.405217552201066,-3.090425301275900
686,stable,-3.915096065989928,-3.084903934010072,-2.408244745805860
687,stable,-3.369981098272547,-3.630018901727453,-2.054512038201210
688,stable,-2.238697074979427,-4.761302925020573,-2.135313819686417
689,stable,-3.382710794110608,-3.617289205889392,-1.736759537481703
690,stable,-3.974554766362417,-3.025445233637583,-3.106743272073800
691,stable,-2.862353785181767,-4.137646214818233,-2.027065728965681
692,stable,-3.116646785580087,-3.883353214419913,-4.401816989411600
693,stable,-3.053549634285446,-3.946450365714554,-2.626611050218344
694,stable,-2.670724832365522,-4.329275167634478,-2.383022458699998
695,stable,-3.839993299880007,-3.160006700119993,-2.755682246905053
696,stable,-2.102678604125686,-4.897321395874314,-2.558525001499220
697,stable,-3.462990092763903,-3.537009907236097,-2.893699315536651
698,stable,-2.200316043643397,-4.799683956356603,-2.092320199415553
699,stable,-3.173142541967991,-3.826857458032009,-2.621695267444011
700,stable,-1.761643960977381,-5.238356039022619,-2.397124437266029
701,stable,-4.548861868192034,-2.451138131807966,-3.125922916457057
702,stable,-2.866327460355024,-4.133672539644976,-2.192056865314953
703,stable,-2.686039409674777,-4.313960590325223,-3.132974940123404
704,stable,-2.479790003038943,-4.520209996961057,-2.507837093202397
705,stable,-2.888895716505431,-4.111104283494569,-2.826078224621597
706,stable,-4.060948994133469,-2.939051005866531,-2.368231369968271
707,stable,-3.679466206729558,-3.320533793270442,-2.524795092002023
708,stable,-2.966853241967328,-4.033146758032672,-2.066649550921284
709,stable,-3.059534542796882,-3.940465457203118,-2.167668083493481
710,stable,-3.089010879935813,-3.910989120064187,-2.605066784477458
711,stable,-2.128787938974710,-4.871212061025290,-2.465889265353326
712,stable,-2.147789645161538,-4.852210354838462,-3.026360374140495
713,stable,-3.787553139104602,-3.212446860895398,-2.173736794065007
714,stable,-1.942562797329629,-5.057437202670371,-2.705553890671581
715,stable,-3.595027971008676,-3.404972028991324,-3.102602838072926
716,stable,-4.174051176101784,-2.825948823898216,-2.440010841353796
717,stable,-3.330199562466078,-3.669800437533922,-3.388467203709297
718,stable,-.8635110947225257,-6.136488905277474,-2.549315839598421
719,stable,-3.509136517243860,-3.490863482756140,-2.257663154712645
720,stable,-2.926734504369961,-4.073265495630039,-2.215142982895486
721,stable,-2.057478410453768,-4.942521589546232,-2.726469813263975
722,stable,-2.970734336151509,-4.029265663848491,-1.933265274972655
723,stable,-3.685028263091226,-3.314971736908774,-2.300662436056882
724,stable,-.6374151048803469,-6.362584895119653,-3.137183544982690
725,stable,-3.035802274394882,-3.964197725605118,-2.306359163936577
726,stable,-1.247488985936798,-5.752511014063202,-2.422838305064943
727,stable,-3.538977444753982,-3.461022555246018,-2.573345697222976
728,stable,-3.870522639153933,-3.129477360846067,-2.381393225456122
729,stable,-2.709179455923731,-4.290820544076269,-2.828964663553052
730,stable,-3.260215260139375,-3.739784739860625,-2.756390616414137
731,stable,-3.272912446736882,-3.727087553263118,-2.406811603548704
732,stable,-2.973506389530485,-4.026493610469515,-3.400571208214387
733,stable,-.6834568764625146,-6.316543123537485,-2.508648868475575
734,stable,-3.986761994792687,-3.013238005207313,-2.753542686928995
735,stable,-2.505181752479984,-4.494818247520016,-2.129191966669168
736,stable,-3.072139549869462,-3.927860450130538,-2.666820770391496
737,stable,-4.045758521075186,-2.954241478924814,-3.001698053209111
738,stable,-2.767546945244248,-4.232453054755752,-3.009682994673540
739,stable,-1.838254021316970,-5.161745978683030,-1.930541841429658
740,stable,-1.747155895667674,-5.252844104332326,-3.175314525607973
741,stable,-2.352871605726250,-4.647128394273750,-2.221076144618564
742,stable,-3.365993115034144,-3.634006884965856,-2.605811217799783
743,stable,-4.094743188674329,-2.905256811325671,-2.478553189939703
744,stable,-2.656248167585545,-4.343751832414455,-2.431837082767743
745,stable,-4.283499329590995,-2.716500670409005,-2.277454288632725
746,stable,-3.156944307716913,-3.843055692283087,-2.149390715057962
747,stable,-2.096849313184975,-4.903150686815025,-2.626959283719771
748,stable,-3.637388111765176,-3.362611888234824,-2.530017938697711
749,stable,-2.631513683101730,-4.368486316898270,-2.075357704685302
750,stable,-2.429901880231682,-4.570098119768318,-2.173073874379043
751,stable,-2.565869704732904,-4.434130295267096,-2.582092623430071
752,stable,-2.612749009781055,-4.387250990218945,-2.771080688922666
753,stable,-2.957963014523557,-4.042036985476443,-2.654552290856373
754,stable,-3.984397482028726,-3.015602517971274,-2.720757815113757
755,stable,-3.940210229266086,-3.059789770733914,-2.422479079687037
756,stable,-.8470233821590227,-6.152976617840977,-2.024169387121219
757,stable,-3.305208406673046,-3.694791593326954,-2.310642557073152
758,stable,-1.663123799560708,-5.336876200439292,-2.685090777435107
759,stable,-.5521456988644786,-6.447854301135521,-2.633141010825057
760,stable,-3.558027149658301,-3.441972850341699,-2.657172981649637
761,stable,-2.162248135022310,-4.837751864977690,-2.285546997547499
762,stable,-3.169926138180017,-3.830073861819983,-2.047895673546009
763,stable,-2.992820548986856,-4.007179451013144,-2.856862416258082
764,stable,-2.797443335701246,-4.202556664298754,-2.684545981464908
765,stable,-2.739027983901906,-4.260972016098094,-2.098314967923216
766,stable,-3.898470533650652,-3.101529466349348,-2.095361813902855
767,stable,-1.818545791567885,-5.181454208432115,-2.862076141944272
768,stable,-2.933107092656428,-4.066892907343572,-2.121773209044477
769,stable,-2.150932296568499,-4.849067703431501,-2.864231643903622
770,stable,-3.445474757976626,-3.554525242023374,-2.360367459943518
771,stable,-3.560793096628913,-3.439206903371087,-2.463274917565286
772,stable,-3.480369223030721,-3.519630776969279,-2.350503452646080
773,stable,-2.691904069783050,-4.308095930216950,-2.193029068585020
774,stable,-1.619710150669562,-5.380289849330438,-2.367926132748835
775,unstable,1.230373734997556,-8.230373734997556,-2.671965924906544
776,stable,-2.091688049116783,-4.908311950883217,-3.150514129141811
777,stable,-1.621247008941282,-5.378752991058718,-2.296980971092125
778,stable,-2.764212897180187,-4.235787102819813,-2.648940621002112
779,stable,-2.372583049731475,-4.627416950268525,-2.274117591441609
780,stable,-3.547998431462474,-3.452001568537526,-3.011087218241300
781,stable,-1.850795401471260,-5.149204598528740,-3.141978709165414
782,stable,-3.573308112663199,-3.426691887336801,-2.206370249041356
783,stable,-3.633650138159283,-3.366349861840717,-2.175676580649451
784,stable,-4.054696984938346,-2.945303015061654,-2.386577864584979
785,stable,-3.209376830913243,-3.790623169086757,-2.565462791411846
786,stable,-.6332798301009461,-6.366720169899054,-3.363773627439514
787,stable,-2.942960897913508,-4.057039102086492,-2.569339240231784
788,stable,-4.456408406607807,-2.543591593392193,-2.346263894462027
789,stable,-1.646655174457919,-5.353344825542081,-2.460465940239374
790,stable,-2.087096646690043,-4.912903353309957,-2.344646921730600
791,stable,-.5366631730630615,-6.463336826936938,-2.338795470917830
792,stable,-2.583711970379227,-4.416288029620773,-2.364155140065122
793,stable,-2.989839121404657,-4.010160878595343,-2.154698753438424
794,stable,-3.015661972538510,-3.984338027461490,-1.980931444792077
795,stable,-1.979584004671779,-5.020415995328221,-2.065643991227262
796,stable,-3.119384853576776,-3.880615146423224,-2.339499967521988
797,stable,-4.210348080188851,-2.789651919811149,-2.361148662384949
798,stable,-4.057986404669464,-2.942013595330536,-1.924350909306668
799,stable,-2.802282528376963,-4.197717471623037,-2.750514026556630
800,stable,-.9833246814650920,-6.016675318534908,-2.856475434555250
801,stable,-3.441313198392891,-3.558686801607109,-2.452662925003096
802,stable,-2.795291943024495,-4.204708056975505,-2.489199317933526
803,stable,-2.272578748947126,-4.727421251052874,-2.235711074201390
804,stable,-3.630527820929274,-3.369472179070726,-2.566877697245218
805,stable,-3.949823727038165,-3.050176272961835,-2.207807747967308
806,stable,-3.426594494005258,-3.573405505994742,-2.474705709159025
807,stable,-2.895161465956335,-4.104838534043665,-2.461012308951467
808,stable,-1.689123734955501,-5.310876265044499,-2.494053233880550
809,stable,-3.281271612722776,-3.718728387277224,-3.004368183435872
810,stable,-2.615015715498885,-4.384984284501115,-2.325137857966183
811,stable,-1.656062374524481,-5.343937625475519,-1.984005380516464
812,stable,-4.071285471945885,-2.928714528054115,-2.584055843879469
813,stable,-2.580512480846664,-4.419487519153336,-4.106140604126267
814,stable,-2.598200847041426,-4.401799152958574,-2.257130488069379
815,stable,-2.810003313221387,-4.189996686778613,-2.749434276367538
816,stable,-3.448389201890677,-3.551610798109323,-2.735270898192539
817,stable,-3.772164924492245,-3.227835075507755,-2.901769920645165
818,stable,-2.929096084357298,-4.070903915642702,-2.964579337072792
819,stable,-1.227002130657638,-5.772997869342362,-2.248035537602846
820,stable,-2.759256314704544,-4.240743685295456,-2.918833963602083
821,stable,-3.073942624032497,-3.926057375967503,-2.272061577765271
822,stable,-2.779150584625313,-4.220849415374687,-2.504431064531673
823,stable,-3.498509815122816,-3.501490184877184,-3.570065983716631
824,stable,-2.798150421111004,-4.201849578888996,-2.069862147676758
825,stable,-3.754768659142428,-3.245231340857572,-2.414782137086149
826,stable,-4.639310717684566,-2.360689282315434,-3.191314939991571
827,stable,-3.063563293373591,-3.936436706626409,-2.416081184521317
828,stable,-3.035328203295649,-3.964671796704351,-1.924885456952325
829,stable,-2.638091838613036,-4.361908161386964,-2.314627774874680
830,stable,-4.614890637392818,-2.385109362607182,-2.459863018651959
831,stable,-3.999025996971568,-3.000974003028432,-3.512926615891047
832,stable,-2.929988818767015,-4.070011181232985,-1.869941366720013
833,stable,-3.370953116868577,-3.629046883131423,-2.595749935309868
834,stable,-3.893279400363099,-3.106720599636901,-3.618211136781611
835,stable,-2.214195812601247,-4.785804187398753,-1.901708051882451
836,stable,-2.570728235536080,-4.429271764463920,-2.893295611254871
837,stable,-3.411447732222769,-3.588552267777231,-2.973318192525767
838,stable,-1.629588610019709,-5.370411389980291,-2.699986912368331
839,stable,-2.163347188063199,-4.836652811936801,-2.400957792124245
840,stable,-2.904613251599585,-4.095386748400415,-2.414216387667693
841,stable,-3.655195356816421,-3.344804643183579,-2.695981388213113
842,stable,-3.308718790944113,-3.691281209055887,-2.678653421084164
843,stable,-2.856190728001820,-4.143809271998180,-1.985478634713218
844,stable,-3.067118688359187,-3.932881311640813,-3.033543767582159
845,stable,-1.391356119667762,-5.608643880332238,-2.998158708564006
846,stable,-.9211701938627357,-6.078829806137264,-2.807066935430612
847,stable,-3.253179658919180,-3.746820341080820,-2.981917684490327
848,stable,-1.003093815890679,-5.996906184109321,-2.541740049186046
849,stable,-3.138951176134469,-3.861048823865531,-2.478809746680781
850,stable,-2.329951546671055,-4.670048453328945,-2.284939729841426
851,stable,-4.353175076905245,-2.646824923094755,-2.446477956138551
852,stable,-4.032840084853888,-2.967159915146112,-2.153420102375094
853,stable,-1.964300712532349,-5.035699287467651,-2.958601379832544
854,stable,-2.866717231168877,-4.133282768831123,-2.552041943563381
855,stable,-2.709353429847397,-4.290646570152603,-2.684668127156328
856,stable,-3.488751028140541,-3.511248971859459,-2.700387893288280
857,stable,-1.617843619096675,-5.382156380903325,-2.502122551712091
858,stable,-3.483788305878988,-3.516211694121012,-2.329343636905833
859,stable,-.5521062204206828,-6.447893779579317,-2.315686171408743
860,stable,-4.254163822481132,-2.745836177518868,-2.452978603098018
861,stable,-.8950288348351023,-6.104971165164898,-2.114934636367252
862,stable,-2.731900025188224,-4.268099974811776,-3.895036087604240
863,stable,-2.931684603248868,-4.068315396751132,-2.066052250491339
864,stable,-1.213452034282454,-5.786547965717546,-2.514176940632751
865,stable,-2.742267584020738,-4.257732415979262,-2.343377479061019
866,stable,-3.238398277397209,-3.761601722602791,-2.264156839606585
867,stable,-2.898261974092748,-4.101738025907252,-2.909418400726281
868,stable,-1.492150424048305,-5.507849575951695,-2.592165453737834
869,stable,-2.192605255724629,-4.807394744275371,-2.034547720017144
870,stable,-3.459349756514712,-3.540650243485288,-2.990763672001776
871,stable,-3.698436435231997,-3.301563564768003,-2.767737934715115
872,stable,-3.087344136562024,-3.912655863437976,-2.485769201070070
873,stable,-.7132438747407832,-6.286756125259217,-3.080426896180143
874,stable,-3.461075100516609,-3.538924899483391,-2.542544881347567
875,stable,-2.443000232859049,-4.556999767140951,-2.736612220352981
876,stable,-2.630649432936480,-4.369350567063520,-2.318686331331264
877,stable,-2.247183100016628,-4.752816899983372,-2.292580317236570
878,stable,-1.724912639354898,-5.275087360645102,-2.527874308194441
879,stable,-3.702555137220770,-3.297444862779230,-2.364104300489998
880,stable,-2.123231324141670,-4.876768675858330,-2.070026983856224
881,stable,-3.389737002518814,-3.610262997481186,-2.232367489254102
882,stable,-3.432709055399755,-3.567290944600245,-2.047254670076654
883,stable,-2.774948850993042,-4.225051149006958,-2.069559872121317
884,stable,-1.585384096571943,-5.414615903428057,-3.554029107675888
885,stable,-3.113361933910710,-3.886638066089290,-2.295276910474058
886,stable,-3.681193335047283,-3.318806664952717,-2.249347078963183
887,stable,-.9958583473198814,-6.004141652680119,-3.249777704477310
888,stable,-2.933926869198331,-4.066073130801669,-2.453551918821177
889,stable,-2.226530089822518,-4.773469910177482,-2.406630144629162
890,stable,-3.089197381494159,-3.910802618505841,-2.357796296011657
891,stable,-3.489437208554591,-3.510562791445409,-2.495591585524380
892,stable,-2.902734892231820,-4.097265107768180,-2.136723067436833
893,stable,-2.443382190118427,-4.556617809881573,-1.848201226675883
894,stable,-3.464188252190070,-3.535811747809930,-2.689856098382734
895,stable,-2.509579325998857,-4.490420674001143,-2.424004748434527
896,stable,-2.591924111835397,-4.408075888164603,-2.724771803623298
897,stable,-2.766684496025846,-4.233315503974154,-2.121578168007545
898,stable,-3.735323520904785,-3.264676479095215,-3.571660183766653
899,stable,-3.531780568115209,-3.468219431884791,-2.146204340147960
900,stable,-3.397401620473829,-3.602598379526171,-2.395384917239426
901,stable,-3.502086463297019,-3.497913536702981,-2.794109756679973
902,stable,-3.475265780980408,-3.524734219019592,-3.081473788362928
903,stable,-3.007385682871245,-3.992614317128755,-2.290502771149477
904,stable,-4.072267326139809,-2.927732673860191,-2.670605832303409
905,stable,-2.945181230086746,-4.054818769913254,-2.636892827685642
906,stable,-3.548716024672103,-3.451283975327897,-2.467748475872213
907,stable,-2.648317911976847,-4.351682088023153,-1.881133286049590
908,stable,-3.714398413605522,-3.285601586394478,-2.673792565004987
909,stable,-4.075225837174003,-2.924774162825997,-2.653242621699974
910,stable,-4.391351028112695,-2.608648971887305,-2.315922410896746
911,stable,-2.661698166072256,-4.338301833927744,-1.874314536456950
912,stable,-1.416451715102539,-5.583548284897461,-2.759740304769366
913,stable,-4.189516904691118,-2.810483095308882,-2.514618388006056
914,stable,-4.114796576530352,-2.885203423469648,-2.576165609818418
915,stable,-2.345712704342986,-4.654287295657014,-2.823897271906517
916,stable,-2.192645273553808,-4.807354726446192,-2.528668726910837
917,stable,-1.322141812099289,-5.677858187900711,-2.635524735975196
918,stable,-3.924494601502374,-3.075505398497626,-2.415948312729597
919,stable,-3.456582333194092,-3.543417666805908,-2.529383181245066
920,stable,-2.681887014608947,-4.318112985391053,-2.064568497647997
921,stable,-3.537305793339328,-3.462694206660672,-2.123060636542505
922,stable,-3.865555085751112,-3.134444914248888,-3.054104576091049
923,stable,-2.275861949688988,-4.724138050311012,-2.397866222221637
924,stable,-2.881374883481840,-4.118625116518160,-2.458186072501121
925,stable,-3.570925456653640,-3.429074543346360,-2.405863268329995
926,stable,-3.817917054257123,-3.182082945742877,-2.399618257026304
927,stable,-3.519030358829696,-3.480969641170304,-2.349878592856840
928,stable,-1.096071829717403,-5.903928170282597,-2.769261480163550
929,stable,-3.069156201243459,-3.930843798756541,-2.691329303430393
930,stable,-3.451315079104461,-3.548684920895539,-2.685975067375693
931,stable,-2.679331168605131,-4.320668831394869,-2.544307104602922
932,stable,-3.022280282312749,-3.977719717687251,-2.408520842029247
933,stable,-3.482935033622198,-3.517064966377802,-2.285239354321675
934,stable,-1.029466194615452,-5.970533805384548,-2.245923652197234
935,stable,-4.286051131901331,-2.713948868098669,-2.301894138508942
936,stable,-3.297645244801970,-3.702354755198030,-2.333285024564248
937,stable,-4.190758836513851,-2.809241163486149,-3.039054917666363
938,stable,-2.920955357592902,-4.079044642407098,-2.299236340011703
939,stable,-3.918748779611633,-3.081251220388367,-2.539708293330477
940,stable,-1.484545621486177,-5.515454378513823,-2.080939413077431
941,stable,-2.751611823543499,-4.248388176456501,-2.609838866628706
942,stable,-2.318365277906196,-4.681634722093804,-2.889925805138773
943,stable,-3.149516172299627,-3.850483827700373,-2.352987947408110
944,stable,-2.170963325814228,-4.829036674185772,-2.609968744378421
945,stable,-4.180614877435801,-2.819385122564199,-2.429798244316771
946,stable,-1.160602509320597,-5.839397490679403,-2.085907029919326
947,stable,-3.111577866235166,-3.888422133764834,-2.629046581278089
948,stable,-4.144399332406465,-2.855600667593535,-2.516213175025769
949,stable,-2.396161584949368,-4.603838415050632,-2.071528814252815
950,stable,-2.093596837235964,-4.906403162764036,-2.425947978801560
951,stable,-2.432732994238904,-4.567267005761096,-2.758422252198216
952,stable,-2.718339750052110,-4.281660249947890,-2.973958241176661
953,stable,-3.864666267522807,-3.135333732477193,-2.475917304574978
954,stable,-3.199687662961423,-3.800312337038577,-2.277677721518558
955,stable,-3.856364348110219,-3.143635651889781,-2.558110184269026
956,stable,-3.484797098383297,-3.515202901616703,-2.064289167559764
957,stable,-1.638504548522178,-5.361495451477822,-2.396166025253478
958,stable,-1.124696286586186,-5.875303713413814,-2.278117597488745
959,stable,-2.837325661803334,-4.162674338196666,-2.512723669176921
960,stable,-2.385951984782878,-4.614048015217122,-2.241110427064996
961,stable,-.3535795373300061,-6.646420462669994,-2.513969895662740
962,stable,-3.734527074477228,-3.265472925522772,-2.759232909884304
963,stable,-4.662248281922075,-2.337751718077925,-2.801668812695425
964,stable,-2.345758845767705,-4.654241154232295,-3.001769531168975
965,stable,-2.434603392251574,-4.565396607748426,-1.803650811663829
966,stable,-2.997193339382648,-4.002806660617352,-2.140319688973250
967,stable,-2.468941298033315,-4.531058701966685,-1.945067283959361
968,stable,-3.345696789088834,-3.654303210911166,-3.272775044591981
969,stable,-3.047343350706797,-3.952656649293203,-2.441653053858317
970,stable,-1.422300346821430,-5.577699653178570,-3.150153593102004
971,stable,-2.516072297305072,-4.483927702694928,-3.346209715615259
972,stable,-2.561128973451559,-4.438871026548441,-2.563562418567017
973,stable,-2.572826598557185,-4.427173401442815,-2.187208132469095
974,stable,-3.922686511625216,-3.077313488374784,-2.143796004645992
975,stable,-3.346865682540738,-3.653134317459262,-1.773594788450282
976,stable,-3.883977614364994,-3.116022385635006,-2.475706665369216
977,stable,-3.499409227777505,-3.500590772222495,-2.816324108980552
978,stable,-3.767410185842891,-3.232589814157109,-2.109174038516358
979,stable,-3.141133752113092,-3.858866247886908,-2.644240237190388
980,stable,-3.139017805044205,-3.860982194955795,-2.202368081518216
981,stable,-3.979360005057970,-3.020639994942030,-2.746332804556005
982,stable,-3.511149815931276,-3.488850184068724,-2.372060240770224
983,stable,-1.697671412570344,-5.302328587429656,-2.049696811242029
984,stable,-.9677011004041560,-6.032298899595844,-3.265230278426316
985,stable,-2.662429583152516,-4.337570416847484,-1.946194894437212
986,stable,-3.269040828359721,-3.730959171640279,-1.990916536888108
987,stable,-3.999105506159921,-3.000894493840079,-2.038930623384658
988,stable,-4.517361048979183,-2.482638951020817,-2.737045950965694
989,stable,-2.605818495649146,-4.394181504350854,-3.035027396399528
990,stable,-3.615209210035346,-3.384790789964654,-2.550697245140327
991,stable,-3.487142883706838,-3.512857116293162,-2.431066071836540
992,stable,-3.398561584650452,-3.601438415349548,-2.321703061461449
993,stable,-4.032941464071882,-2.967058535928118,-2.000485642580315
994,stable,-3.195455124336149,-3.804544875663851,-2.144146543694660
995,stable,-3.532941780234978,-3.467058219765022,-2.528979221126065
996,stable,-3.693069952267251,-3.306930047732749,-3.209934429964051
997,stable,-2.947765878718656,-4.052234121281344,-1.997115365578793
998,stable,-3.123327576628071,-3.876672423371929,-2.531932884681737
999,stable,-3.298765830852062,-3.701234169147938,-2.578758337461750
1000,stable,-3.982294264182201,-3.017705735817799,-1.935960843984503
