id,stability,max_real_part,EPR_total,weight_norm_sq,lyapunov_residual
1,stable,-1.000000000000000,167.3848365988798,312.8322145248177,.4329869796038111E-14
2,stable,-1.000000000000000,164.6396166079959,308.4175888736220,.3330669073875470E-14
3,stable,-1.000000000000000,165.3361106675069,309.3345319576612,.4662936703425657E-14
4,stable,-1.000000000000000,168.3342642435177,314.3524230005416,.2886579864025407E-14
5,stable,-1.000000000000000,166.7015798851162,311.6408353087449,.3552713678800501E-14
6,stable,-1.000000000000000,166.8825680896112,311.4195604631046,.5218048215738236E-14
7,stable,-1.000000000000000,166.0412886410527,310.1118478013137,.3552713678800501E-14
8,stable,-1.000000000000000,166.2031251521448,310.6608468662015,.5329070518200751E-14
9,stable,-1.000000000000000,166.4681950578579,311.1735248243666,.3774758283725532E-14
10,stable,-1.000000000000000,170.4144423326222,317.9066416340211,.3219646771412954E-14
11,stable,-1.000000000000000,167.5270950225206,312.6808317674193,.6217248937900877E-14
12,stable,-1.000000000000000,168.5542230536383,315.3724462886034,.3552713678800501E-14
13,stable,-1.000000000000000,165.0015163223477,308.5109254383660,.4440892098500626E-14
14,stable,-1.000000000000000,169.9463291357947,316.5126143187596,.5995204332975845E-14
15,stable,-1.000000000000000,163.8845845090723,306.6524043198689,.4662936703425657E-14
16,stable,-1.000000000000000,165.2054105631323,309.3356857096045,.7105427357601002E-14
17,stable,-1.000000000000000,163.5593409229693,306.6933145878058,.4996003610813204E-14
18,stable,-1.000000000000000,168.2845379201506,313.9566748990466,.5773159728050814E-14
19,stable,-1.000000000000000,167.6278153559162,313.1291545286095,.7549516567451064E-14
20,stable,-1.000000000000000,168.5507893994293,314.5881898588564,.7993605777301127E-14
21,stable,-1.000000000000000,166.1090418918798,310.4191404377216,.5107025913275720E-14
22,stable,-1.000000000000000,162.7564861522334,305.5169395049245,.4884981308350689E-14
23,stable,-1.000000000000000,168.5140920845101,314.7653856986786,.3552713678800501E-14
24,stable,-1.000000000000000,167.5738593859094,312.6266613698665,.9325873406851315E-14
25,stable,-1.000000000000000,168.6164572710441,314.7220638002004,.5773159728050814E-14
26,stable,-1.000000000000000,171.6171423122375,319.7753063377679,.3552713678800501E-14
27,stable,-1.000000000000000,168.1810226926639,313.8834110218124,.7105427357601002E-14
28,stable,-1.000000000000000,167.4407274406696,312.1014689731473,.5773159728050814E-14
29,stable,-1.000000000000000,166.9237537172850,311.5287055341021,.6217248937900877E-14
30,stable,-1.000000000000000,164.2422884439983,307.5144373890589,.5662137425588298E-14
31,stable,-1.000000000000000,168.8309760926945,315.0241165573354,.5329070518200751E-14
32,stable,-1.000000000000000,167.6501995953488,312.9637214210269,.5329070518200751E-14
33,stable,-1.000000000000000,169.6669688838161,316.5876250547979,.4884981308350689E-14
34,stable,-1.000000000000000,166.0999504750954,309.9610860608087,.5773159728050814E-14
35,stable,-1.000000000000000,167.1729156940248,312.4420072740843,.6217248937900877E-14
36,stable,-1.000000000000000,165.0159483227901,308.5881954510429,.4440892098500626E-14
37,stable,-1.000000000000000,165.7150761771267,310.1218236482803,.3996802888650564E-14
38,stable,-1.000000000000000,169.7380887527688,316.6501474380278,.3108624468950438E-14
39,stable,-1.000000000000000,163.7966392257142,306.9181812793399,.7105427357601002E-14
40,stable,-1.000000000000000,168.0672654369148,313.3726339473094,.4662936703425657E-14
41,stable,-1.000000000000000,169.1265030074330,316.0383931692654,.5773159728050814E-14
42,stable,-1.000000000000000,172.5621744073507,320.8872698221416,.3552713678800501E-14
43,stable,-1.000000000000000,164.9405047436909,308.7623398355337,.8437694987151190E-14
44,stable,-1.000000000000000,169.2508609386668,315.8360716424967,.3330669073875470E-14
45,stable,-1.000000000000000,169.7329361107874,316.6860010795800,.6439293542825908E-14
46,stable,-1.000000000000000,167.8033372593356,313.3783604137785,.3996802888650564E-14
47,stable,-1.000000000000000,167.8586417772299,313.4384275126097,.4662936703425657E-14
48,stable,-1.000000000000000,166.3573682307961,310.7825324450971,.4884981308350689E-14
49,stable,-1.000000000000000,166.4335063371188,311.2037202122978,.7105427357601002E-14
50,stable,-1.000000000000000,163.1139548808863,305.2145043951979,.3552713678800501E-14
51,stable,-1.000000000000000,170.0803397383251,316.7715365955257,.6106226635438361E-14
52,stable,-1.000000000000000,166.8165393919436,311.7643015284771,.7549516567451064E-14
53,stable,-1.000000000000000,169.2778296371356,315.5354985328316,.2220446049250313E-14
54,stable,-1.000000000000000,169.7044626436142,316.5499281115895,.4218847493575595E-14
55,stable,-1.000000000000000,166.7535224415643,311.5762900459107,.5329070518200751E-14
56,stable,-1.000000000000000,170.1957972829107,317.5775095314683,.5107025913275720E-14
57,stable,-1.000000000000000,166.0606657640159,310.3908766029352,.4884981308350689E-14
58,stable,-1.000000000000000,167.9984515638781,314.3660609768614,.5773159728050814E-14
59,stable,-1.000000000000000,165.8440705261199,310.4656012082437,.7549516567451064E-14
60,stable,-1.000000000000000,168.5270694691408,314.6956339418333,.7771561172376096E-14
61,stable,-1.000000000000000,167.2131613042998,312.4712119108395,.3552713678800501E-14
62,stable,-1.000000000000000,169.3001732504839,315.5848744924328,.5995204332975845E-14
63,stable,-1.000000000000000,163.9660122728195,307.1678089696996,.4218847493575595E-14
64,stable,-1.000000000000000,166.9932381196778,311.8955702618643,.2442490654175344E-14
65,stable,-1.000000000000000,166.9298941221700,311.8360870764587,.6217248937900877E-14
66,stable,-1.000000000000000,165.9916441047619,310.2447925300320,.3663735981263017E-14
67,stable,-1.000000000000000,167.4334372616250,312.4593306066723,.5773159728050814E-14
68,stable,-1.000000000000000,169.0331540610835,315.3694732903886,.5329070518200751E-14
69,stable,-1.000000000000000,166.4501143561949,310.6786206400224,.3330669073875470E-14
70,stable,-1.000000000000000,163.7555657536678,306.6783641721184,.4662936703425657E-14
71,stable,-1.000000000000000,166.1173218691193,310.4216928354410,.4551914400963142E-14
72,stable,-1.000000000000000,167.9662495690813,313.6384116839629,.6328271240363392E-14
73,stable,-1.000000000000000,167.2430020408716,312.2416295508345,.5107025913275720E-14
74,stable,-1.000000000000000,166.1212215472243,309.9252105795598,.6439293542825908E-14
75,stable,-1.000000000000000,164.2806106981730,306.6505914162356,.4440892098500626E-14
76,stable,-1.000000000000000,166.9067657810601,311.4815867085548,.1054711873393899E-13
77,stable,-1.000000000000000,164.8153662661981,308.4842433320792,.5107025913275720E-14
78,stable,-1.000000000000000,168.4161976576083,313.7080111846909,.3108624468950438E-14
79,stable,-1.000000000000000,166.6012368533970,311.3163824432012,.6661338147750939E-14
80,stable,-1.000000000000000,167.8982605213040,314.1225440593813,.5329070518200751E-14
81,stable,-1.000000000000000,163.5211643542495,306.3219485325583,.6217248937900877E-14
82,stable,-1.000000000000000,168.5959775233621,314.9939440988045,.3108624468950438E-14
83,stable,-1.000000000000000,167.7651011917561,313.2112822622759,.6439293542825908E-14
84,stable,-1.000000000000000,166.4032545585090,310.7956450469253,.4440892098500626E-14
85,stable,-1.000000000000000,164.7802026107688,308.2107312488755,.4440892098500626E-14
86,stable,-1.000000000000000,162.6722609151563,304.8157565340919,.5218048215738236E-14
87,stable,-1.000000000000000,168.9603860862951,314.8179559558698,.5329070518200751E-14
88,stable,-1.000000000000000,170.4744423826827,317.9585699447492,.6439293542825908E-14
89,stable,-1.000000000000000,167.6141067083019,312.9164883651094,.5107025913275720E-14
90,stable,-1.000000000000000,166.9741389704303,311.9102888098838,.5107025913275720E-14
91,stable,-1.000000000000000,167.2342005081878,312.5054859148185,.4884981308350689E-14
92,stable,-1.000000000000000,167.6873113277814,313.2767682886551,.5218048215738236E-14
93,stable,-1.000000000000000,164.8911684732478,308.5788234241891,.4662936703425657E-14
94,stable,-1.000000000000000,168.0746119866059,313.6820505294907,.4440892098500626E-14
95,stable,-1.000000000000000,165.7910305416874,310.1066441718890,.5551115123125783E-14
96,stable,-1.000000000000000,166.2104818183761,311.0067723109848,.6661338147750939E-14
97,stable,-1.000000000000000,167.0295691243490,311.9877183126248,.3996802888650564E-14
98,stable,-1.000000000000000,168.3588737599953,313.9283137514931,.8881784197001252E-14
99,stable,-1.000000000000000,165.9241998444332,310.5173469727843,.4440892098500626E-14
100,stable,-1.000000000000000,168.1565515953854,313.8035304476862,.4884981308350689E-14
101,stable,-1.000000000000000,167.4961302663591,313.0756554536740,.3774758283725532E-14
102,stable,-1.000000000000000,167.6621654172375,312.8538532952233,.4218847493575595E-14
103,stable,-1.000000000000000,166.9077273295724,311.9067487907816,.4440892098500626E-14
104,stable,-1.000000000000000,168.5204331688503,315.1028989199943,.4329869796038111E-14
105,stable,-1.000000000000000,170.9993892949398,318.2314495368164,.5773159728050814E-14
106,stable,-1.000000000000000,169.0549747487352,315.2262628818072,.5329070518200751E-14
107,stable,-1.000000000000000,168.2352548366645,314.5575898952138,.5995204332975845E-14
108,stable,-1.000000000000000,169.2475575168750,316.0187247301242,.3108624468950438E-14
109,stable,-1.000000000000000,165.6537227346793,309.9038943727180,.8215650382226158E-14
110,stable,-1.000000000000000,168.1940121641749,313.3123964040151,.7105427357601002E-14
111,stable,-1.000000000000000,164.8774296795965,308.9494825770081,.4440892098500626E-14
112,stable,-1.000000000000000,166.0117920184375,310.2356436998946,.6994405055138486E-14
113,stable,-1.000000000000000,169.1950539051333,315.7904941932056,.3330669073875470E-14
114,stable,-1.000000000000000,167.2935087374560,312.5528885529679,.5551115123125783E-14
115,stable,-1.000000000000000,166.0216447826374,310.2315454982183,.3996802888650564E-14
116,stable,-1.000000000000000,165.8934290845389,310.0736173476523,.4884981308350689E-14
117,stable,-1.000000000000000,169.9154058754480,317.0364621009252,.4884981308350689E-14
118,stable,-1.000000000000000,167.3853781462226,312.7796076093792,.7771561172376096E-14
119,stable,-1.000000000000000,167.1348245835626,312.1631113653551,.5329070518200751E-14
120,stable,-1.000000000000000,165.2509754107133,309.3624727500394,.4884981308350689E-14
121,stable,-1.000000000000000,167.5580663396792,312.3159613627428,.6661338147750939E-14
122,stable,-1.000000000000000,170.8484638383553,318.2383650721886,.4996003610813204E-14
123,stable,-1.000000000000000,163.9833823456675,307.2675963140454,.4884981308350689E-14
124,stable,-1.000000000000000,165.0596520391074,308.9093680245065,.3774758283725532E-14
125,stable,-1.000000000000000,164.0947327825130,307.3331577592319,.2886579864025407E-14
126,stable,-1.000000000000000,166.7168188897948,311.9219381755833,.3441691376337985E-14
127,stable,-1.000000000000000,165.4863181708786,309.7033336792481,.6994405055138486E-14
128,stable,-1.000000000000000,166.6112291283303,310.9985080167925,.5995204332975845E-14
129,stable,-1.000000000000000,166.1076877221830,310.9877762045285,.3219646771412954E-14
130,stable,-1.000000000000000,165.4015716785504,309.0731665668537,.3552713678800501E-14
131,stable,-1.000000000000000,164.3912805526616,307.9693963574023,.4662936703425657E-14
132,stable,-1.000000000000000,169.3009720422723,315.6232411474415,.5329070518200751E-14
133,stable,-1.000000000000000,166.9471582519843,311.9335055758975,.3774758283725532E-14
134,stable,-1.000000000000000,168.5214105471234,314.7546975672997,.5329070518200751E-14
135,stable,-1.000000000000000,167.2988344103705,312.1755135047421,.4662936703425657E-14
136,stable,-1.000000000000000,164.6262116847512,308.3818883652503,.7438494264988549E-14
137,stable,-1.000000000000000,166.6649303989142,311.4174763733276,.4218847493575595E-14
138,stable,-1.000000000000000,169.7521107846800,316.4348122724936,.2775557561562891E-14
139,stable,-1.000000000000000,166.3476584799222,311.1398882673663,.2664535259100376E-14
140,stable,-1.000000000000000,165.2063815168542,309.3035215033282,.4662936703425657E-14
141,stable,-1.000000000000000,165.0826616418471,308.6146931857212,.7660538869913580E-14
142,stable,-1.000000000000000,168.5504790720250,315.0317946133295,.3330669073875470E-14
143,stable,-1.000000000000000,165.0578906419833,309.2265798824017,.4218847493575595E-14
144,stable,-1.000000000000000,168.6411055377222,314.1361861947919,.6439293542825908E-14
145,stable,-1.000000000000000,168.4384375040341,314.5551164104862,.4329869796038111E-14
146,stable,-1.000000000000000,166.4764886047171,311.2072505061703,.7216449660063518E-14
147,stable,-1.000000000000000,170.6020961228894,318.3568299915647,.7771561172376096E-14
148,stable,-1.000000000000000,169.8826509222188,317.1943084315558,.6883382752675971E-14
149,stable,-1.000000000000000,170.1726670503665,317.8513307214315,.6217248937900877E-14
150,stable,-1.000000000000000,171.0393298501421,318.3391507354803,.6217248937900877E-14
151,stable,-1.000000000000000,166.5893372866391,311.4719008591130,.8881784197001252E-14
152,stable,-1.000000000000000,166.7229003236967,311.7935560852918,.4884981308350689E-14
153,stable,-1.000000000000000,166.5940660109348,311.6429700005435,.8437694987151190E-14
154,stable,-1.000000000000000,166.1686782244634,310.5653056658644,.3552713678800501E-14
155,stable,-1.000000000000000,166.0712352282338,310.2950922107360,.9547918011776346E-14
156,stable,-1.000000000000000,165.2958667419969,309.3477918263355,.5773159728050814E-14
157,stable,-1.000000000000000,164.1021042288655,307.2712771192063,.6883382752675971E-14
158,stable,-1.000000000000000,167.8907568466945,313.5476982031213,.5995204332975845E-14
159,stable,-1.000000000000000,165.8285873849769,310.2169252821566,.4662936703425657E-14
160,stable,-1.000000000000000,165.8594823877343,310.1993934184393,.6994405055138486E-14
161,stable,-1.000000000000000,166.4785489512237,311.1122433684937,.4884981308350689E-14
162,stable,-1.000000000000000,165.7801931062945,309.7470907480573,.3996802888650564E-14
163,stable,-1.000000000000000,171.0025837497604,319.6262542715632,.4440892098500626E-14
164,stable,-1.000000000000000,165.2039856105363,308.6686230002140,.4440892098500626E-14
165,stable,-1.000000000000000,167.4658952335963,312.9304831370550,.6217248937900877E-14
166,stable,-1.000000000000000,169.0472013621025,315.4943779459394,.2220446049250313E-14
167,stable,-1.000000000000000,166.2079605283714,310.6277996397266,.5329070518200751E-14
168,stable,-1.000000000000000,167.3449685786249,312.9095377157673,.6439293542825908E-14
169,stable,-1.000000000000000,165.6436754769399,310.0156779193425,.5773159728050814E-14
170,stable,-1.000000000000000,165.8366497620485,310.4378503301423,.7327471962526033E-14
171,stable,-1.000000000000000,170.0384813041891,316.7289252627561,.3996802888650564E-14
172,stable,-1.000000000000000,168.0358394325378,313.8930777462386,.4884981308350689E-14
173,stable,-1.000000000000000,166.8472188912663,310.8744270123117,.6661338147750939E-14
174,stable,-1.000000000000000,167.5688141136382,312.9777858223018,.4218847493575595E-14
175,stable,-1.000000000000000,168.2154228728651,314.5924710431976,.8437694987151190E-14
176,stable,-1.000000000000000,168.1395945337402,313.6982252389112,.5884182030513330E-14
177,stable,-1.000000000000000,166.2449380608303,311.1102024633201,.5884182030513330E-14
178,stable,-1.000000000000000,164.8185671389161,308.4433016857940,.3663735981263017E-14
179,stable,-1.000000000000000,163.9660415375176,306.8848765106567,.3552713678800501E-14
180,stable,-1.000000000000000,169.0909043612860,315.0623746771888,.4218847493575595E-14
181,stable,-1.000000000000000,167.0330963374261,312.2806616150663,.5773159728050814E-14
182,stable,-1.000000000000000,168.8527825271528,315.1204150364630,.4773959005888173E-14
183,stable,-1.000000000000000,166.5298273849897,311.0641683106093,.4996003610813204E-14
184,stable,-1.000000000000000,165.0369882256813,308.7726568714872,.4551914400963142E-14
185,stable,-1.000000000000000,165.9319112861957,310.2856036601460,.7327471962526033E-14
186,stable,-1.000000000000000,164.8143302342089,308.2048338182178,.3774758283725532E-14
187,stable,-1.000000000000000,166.9643361869140,312.3488270650988,.4773959005888173E-14
188,stable,-1.000000000000000,169.5188254293828,316.2406450868242,.3774758283725532E-14
189,stable,-1.000000000000000,165.4391387195187,309.0737205119504,.2442490654175344E-14
190,stable,-1.000000000000000,166.3474629062229,311.0219195884441,.4884981308350689E-14
191,stable,-1.000000000000000,167.9977737603189,313.6516358143857,.6439293542825908E-14
192,stable,-1.000000000000000,171.8611253993120,320.1237714806870,.5773159728050814E-14
193,stable,-1.000000000000000,166.1168999771204,310.6485830568292,.5107025913275720E-14
194,stable,-1.000000000000000,167.4730895821353,312.6784248705389,.8881784197001252E-14
195,stable,-1.000000000000000,164.3075740145991,307.6718724277639,.3996802888650564E-14
196,stable,-1.000000000000000,166.5194186157185,311.1865865016274,.3552713678800501E-14
197,stable,-1.000000000000000,167.5115092463109,312.5801337837059,.4107825191113079E-14
198,stable,-1.000000000000000,166.9346066673893,311.2113649956386,.5329070518200751E-14
199,stable,-1.000000000000000,164.8260275305403,308.6332310128153,.5995204332975845E-14
200,stable,-1.000000000000000,166.4148695004799,311.6785348566586,.5218048215738236E-14
201,stable,-1.000000000000000,165.6423235038706,309.6095527598916,.7105427357601002E-14
202,stable,-1.000000000000000,169.0394411584495,315.0791614113052,.5329070518200751E-14
203,stable,-1.000000000000000,169.3136774086746,316.1294929003303,.4218847493575595E-14
204,stable,-1.000000000000000,166.9378374597513,311.9655787041800,.4662936703425657E-14
205,stable,-1.000000000000000,166.7549271488200,311.7222162174284,.4218847493575595E-14
206,stable,-1.000000000000000,167.6935007875108,312.1930944264664,.4218847493575595E-14
207,stable,-1.000000000000000,163.7192039810909,307.1200917540870,.4218847493575595E-14
208,stable,-1.000000000000000,165.3065249313547,308.6601522718599,.5329070518200751E-14
209,stable,-1.000000000000000,167.6999230028363,313.1069234132142,.3663735981263017E-14
210,stable,-1.000000000000000,170.8831807908231,318.7063720403391,.5884182030513330E-14
211,stable,-1.000000000000000,169.5659947161359,316.5705421004163,.4440892098500626E-14
212,stable,-1.000000000000000,167.0872326337900,312.4212474509851,.4440892098500626E-14
213,stable,-1.000000000000000,168.8538462977316,315.4095279361808,.3885780586188048E-14
214,stable,-1.000000000000000,169.5607264413343,316.1298815623703,.4884981308350689E-14
215,stable,-1.000000000000000,168.7109484341898,314.5919786951125,.4884981308350689E-14
216,stable,-1.000000000000000,166.2554559698671,310.8594975690348,.7105427357601002E-14
217,stable,-1.000000000000000,170.2261264600582,317.4810659451650,.6217248937900877E-14
218,stable,-1.000000000000000,167.9214977046576,313.6764322725911,.5551115123125783E-14
219,stable,-1.000000000000000,165.1796061175159,309.1003963675204,.7105427357601002E-14
220,stable,-1.000000000000000,164.8167806988916,308.2750703900226,.6994405055138486E-14
221,stable,-1.000000000000000,171.9608900468481,320.5382696512894,.3774758283725532E-14
222,stable,-1.000000000000000,166.3643479712448,310.4312704658233,.4884981308350689E-14
223,stable,-1.000000000000000,162.4896913308161,304.7001531652997,.2664535259100376E-14
224,stable,-1.000000000000000,164.0694106508541,306.4319687296562,.2997602166487923E-14
225,stable,-1.000000000000000,163.5157807472856,306.2539666539918,.5107025913275720E-14
226,stable,-1.000000000000000,169.5634245596403,316.6767415284216,.7105427357601002E-14
227,stable,-1.000000000000000,166.8541086848166,311.8810653222180,.7993605777301127E-14
228,stable,-1.000000000000000,168.0018869137427,314.3855944837522,.6217248937900877E-14
229,stable,-1.000000000000000,168.6824629592547,315.1029438553170,.3996802888650564E-14
230,stable,-1.000000000000000,166.0543999509133,310.9550551391212,.4996003610813204E-14
231,stable,-1.000000000000000,166.8270918843204,311.5255524630445,.3774758283725532E-14
232,stable,-1.000000000000000,166.2859121247796,310.3605707561610,.5107025913275720E-14
233,stable,-1.000000000000000,167.9475767872355,313.8375340792165,.5551115123125783E-14
234,stable,-1.000000000000000,170.2444053315578,316.7397452212403,.4218847493575595E-14
235,stable,-1.000000000000000,168.8212643513218,314.5322754785983,.6328271240363392E-14
236,stable,-1.000000000000000,168.1616464057712,314.4656560804539,.5329070518200751E-14
237,stable,-1.000000000000000,167.0250670081726,311.9908426174539,.6217248937900877E-14
238,stable,-1.000000000000000,168.4841443144587,314.3287753218216,.5551115123125783E-14
239,stable,-1.000000000000000,165.0152037067177,308.7484965890367,.2664535259100376E-14
240,stable,-1.000000000000000,165.3336867932163,309.0974434424760,.5329070518200751E-14
241,stable,-1.000000000000000,166.9621224778805,311.7338979739782,.6883382752675971E-14
242,stable,-1.000000000000000,173.3536682429685,322.6558304262588,.7438494264988549E-14
243,stable,-1.000000000000000,164.3113711239715,307.3139098985977,.3108624468950438E-14
244,stable,-1.000000000000000,169.1535307482418,316.0140647726448,.3663735981263017E-14
245,stable,-1.000000000000000,167.5882942037386,312.7460764673335,.3774758283725532E-14
246,stable,-1.000000000000000,165.1030738204601,308.6999272001193,.7771561172376096E-14
247,stable,-1.000000000000000,168.3651150634125,313.8153357370185,.6550315845288424E-14
248,stable,-1.000000000000000,165.9043568453404,310.2178422607568,.6106226635438361E-14
249,stable,-1.000000000000000,167.7943212994255,313.4178355395264,.7327471962526033E-14
250,stable,-1.000000000000000,168.3158300153513,314.1019943351403,.4440892098500626E-14
251,stable,-1.000000000000000,163.8383855754415,306.2180730778653,.4884981308350689E-14
252,stable,-1.000000000000000,162.5082789537794,304.5058801148260,.6217248937900877E-14
253,stable,-1.000000000000000,166.8679643000313,311.8394424128065,.5329070518200751E-14
254,stable,-1.000000000000000,169.9366265481477,317.0863819906259,.5107025913275720E-14
255,stable,-1.000000000000000,167.5096433136978,312.7515308584589,.4884981308350689E-14
256,stable,-1.000000000000000,166.2147128820084,310.0104687043165,.5884182030513330E-14
257,stable,-1.000000000000000,166.8712987497096,311.8368005545360,.3885780586188048E-14
258,stable,-1.000000000000000,165.8171433863861,309.8713905803859,.5773159728050814E-14
259,stable,-1.000000000000000,168.8117573949684,314.6287265179498,.6217248937900877E-14
260,stable,-1.000000000000000,170.5997410794688,317.9539893018787,.9103828801926284E-14
261,stable,-1.000000000000000,167.9604838748170,313.3681840482292,.6217248937900877E-14
262,stable,-1.000000000000000,162.9452120028359,305.2233105988989,.3996802888650564E-14
263,stable,-1.000000000000000,167.2834719990541,312.2670666226834,.4996003610813204E-14
264,stable,-1.000000000000000,166.4949445357725,310.8182023052838,.5107025913275720E-14
265,stable,-1.000000000000000,169.3195996102551,315.3352821501741,.4551914400963142E-14
266,stable,-1.000000000000000,166.1185271560837,310.4492422693166,.5773159728050814E-14
267,stable,-1.000000000000000,166.6561024373535,311.4025957797601,.6217248937900877E-14
268,stable,-1.000000000000000,168.9115751449352,314.9348164386521,.7549516567451064E-14
269,stable,-1.000000000000000,165.3586669907577,308.9773890672143,.5329070518200751E-14
270,stable,-1.000000000000000,167.8299391596791,313.4348194055816,.6439293542825908E-14
271,stable,-1.000000000000000,165.5755213702409,309.7396102590836,.6550315845288424E-14
272,stable,-1.000000000000000,166.5979411739421,311.0169093457716,.3996802888650564E-14
273,stable,-1.000000000000000,164.8203411931554,308.4404493500816,.3996802888650564E-14
274,stable,-1.000000000000000,164.8066771872927,308.3385866071350,.6217248937900877E-14
275,stable,-1.000000000000000,164.8740095916131,308.1330418986125,.3219646771412954E-14
276,stable,-1.000000000000000,170.0060949352508,316.8110702851460,.5551115123125783E-14
277,stable,-1.000000000000000,169.9694918284393,316.4911026815075,.6661338147750939E-14
278,stable,-1.000000000000000,165.8113209277948,309.9829950336364,.3774758283725532E-14
279,stable,-1.000000000000000,166.2078509138930,311.0294647331195,.2664535259100376E-14
280,stable,-1.000000000000000,165.7367186056564,309.7716301906767,.6883382752675971E-14
281,stable,-1.000000000000000,164.6247885826695,307.7783992135533,.4662936703425657E-14
282,stable,-1.000000000000000,165.9628709656732,310.3817327167388,.4662936703425657E-14
283,stable,-1.000000000000000,169.7816655252829,316.3278450446866,.4884981308350689E-14
284,stable,-1.000000000000000,170.0914836855000,317.5378071980194,.5551115123125783E-14
285,stable,-1.000000000000000,168.5100577043587,314.4050356169708,.5107025913275720E-14
286,stable,-1.000000000000000,168.0591311873236,313.4797437751507,.7216449660063518E-14
287,stable,-1.000000000000000,166.8167762739331,311.8795111468129,.3330669073875470E-14
288,stable,-1.000000000000000,162.9898353089000,305.7297514165478,.3996802888650564E-14
289,stable,-1.000000000000000,167.7501103718885,313.2757213850268,.4884981308350689E-14
290,stable,-1.000000000000000,166.0987246411237,310.2993479579848,.6217248937900877E-14
291,stable,-1.000000000000000,167.8516564372471,313.3717006163815,.4440892098500626E-14
292,stable,-1.000000000000000,171.3482241223707,319.2443656732789,.4662936703425657E-14
293,stable,-1.000000000000000,170.6882621678893,318.2553260689521,.7882583474838611E-14
294,stable,-1.000000000000000,170.9444955687104,318.5581549520168,.5329070518200751E-14
295,stable,-1.000000000000000,166.7367033335194,311.3080986162689,.7105427357601002E-14
296,stable,-1.000000000000000,166.9800168034902,312.0288092498291,.3774758283725532E-14
297,stable,-1.000000000000000,165.4966566986341,309.1123572930425,.3552713678800501E-14
298,stable,-1.000000000000000,167.3852061762017,312.4876648354576,.5107025913275720E-14
299,stable,-1.000000000000000,166.0398520932073,310.0606555009947,.6661338147750939E-14
300,stable,-1.000000000000000,164.2815591095072,307.5562864534826,.5551115123125783E-14
301,stable,-1.000000000000000,168.8564536545737,315.0749345420751,.3552713678800501E-14
302,stable,-1.000000000000000,166.8277618937501,311.5848207138241,.6217248937900877E-14
303,stable,-1.000000000000000,165.8695214386503,310.2644923845144,.3552713678800501E-14
304,stable,-1.000000000000000,164.8314493979427,308.3044406087866,.5662137425588298E-14
305,stable,-1.000000000000000,167.9097077807834,313.0390633114495,.6883382752675971E-14
306,stable,-1.000000000000000,168.7514277958383,315.0568985356134,.4884981308350689E-14
307,stable,-1.000000000000000,165.1732437277546,308.7979205081782,.5329070518200751E-14
308,stable,-1.000000000000000,164.8805641770774,307.8852787755583,.5995204332975845E-14
309,stable,-1.000000000000000,166.5177814631420,310.7545417214386,.5773159728050814E-14
310,stable,-1.000000000000000,169.1919346391882,315.4013753380995,.3774758283725532E-14
311,stable,-1.000000000000000,166.9447460157267,311.8861267871594,.4662936703425657E-14
312,stable,-1.000000000000000,168.7917160387908,315.2504496627371,.8215650382226158E-14
313,stable,-1.000000000000000,164.9069524745184,308.7890105556335,.5773159728050814E-14
314,stable,-1.000000000000000,167.8046409024157,313.5208102661379,.5551115123125783E-14
315,stable,-1.000000000000000,163.6251740579845,306.1318762987640,.3219646771412954E-14
316,stable,-1.000000000000000,167.4269971999785,312.0270361957832,.5995204332975845E-14
317,stable,-1.000000000000000,169.9968611184198,317.2292769948750,.7771561172376096E-14
318,stable,-1.000000000000000,162.3686646770189,304.0747423063745,.4662936703425657E-14
319,stable,-1.000000000000000,165.7100921475902,309.6714968208094,.5329070518200751E-14
320,stable,-1.000000000000000,169.7907938129036,316.9083767286622,.2886579864025407E-14
321,stable,-1.000000000000000,169.3809072927505,316.0826608865750,.4440892098500626E-14
322,stable,-1.000000000000000,168.9367367032881,314.5574209836266,.2442490654175344E-14
323,stable,-1.000000000000000,168.2303382103780,314.2636665895074,.5551115123125783E-14
324,stable,-1.000000000000000,166.5660262644578,311.3546014734249,.5329070518200751E-14
325,stable,-1.000000000000000,168.0960590902772,313.8330964642579,.4440892098500626E-14
326,stable,-1.000000000000000,168.2843277859275,313.4529780786310,.3330669073875470E-14
327,stable,-1.000000000000000,166.9949014558701,312.0303844725973,.6661338147750939E-14
328,stable,-1.000000000000000,169.0520518399759,315.3745514453013,.7327471962526033E-14
329,stable,-1.000000000000000,165.6801601808403,309.7468918658670,.7327471962526033E-14
330,stable,-1.000000000000000,169.5065816468620,316.2808033689273,.5551115123125783E-14
331,stable,-1.000000000000000,168.1167063564507,313.2091488715524,.3330669073875470E-14
332,stable,-1.000000000000000,163.1901417547028,305.8076824021011,.2220446049250313E-14
333,stable,-1.000000000000000,167.6775396969704,312.8548746942535,.6217248937900877E-14
334,stable,-1.000000000000000,167.3910484024693,312.4006622393260,.4218847493575595E-14
335,stable,-1.000000000000000,166.1898374548905,310.7661393680054,.4884981308350689E-14
336,stable,-1.000000000000000,168.7656267499443,314.6850436000582,.3774758283725532E-14
337,stable,-1.000000000000000,168.6490873814791,314.3522367548940,.4551914400963142E-14
338,stable,-1.000000000000000,166.8955119117197,311.8481615833554,.3552713678800501E-14
339,stable,-1.000000000000000,165.3383194475853,309.5938305780869,.5329070518200751E-14
340,stable,-1.000000000000000,163.9440059285436,306.5683073910300,.5551115123125783E-14
341,stable,-1.000000000000000,165.1942206204577,308.7556211314398,.2442490654175344E-14
342,stable,-1.000000000000000,165.6345683654587,309.9235140849305,.4440892098500626E-14
343,stable,-1.000000000000000,168.3566296821890,313.3276091663466,.8437694987151190E-14
344,stable,-1.000000000000000,165.0815080616015,308.7045957562924,.4440892098500626E-14
345,stable,-1.000000000000000,171.2190058284700,318.7664511467999,.3552713678800501E-14
346,stable,-1.000000000000000,166.1601733700553,310.3909771581446,.7771561172376096E-14
347,stable,-1.000000000000000,166.2569085176923,310.7267496855571,.5107025913275720E-14
348,stable,-1.000000000000000,167.2622557576300,312.4072577291596,.3330669073875470E-14
349,stable,-1.000000000000000,169.4743665718609,316.4207377136258,.6439293542825908E-14
350,stable,-1.000000000000000,169.6822024399390,316.5798777593898,.4662936703425657E-14
351,stable,-1.000000000000000,166.1389545941682,310.3689872467924,.7882583474838611E-14
352,stable,-1.000000000000000,167.3941414280598,312.3837202779392,.3552713678800501E-14
353,stable,-1.000000000000000,167.7660311538761,313.5277546525720,.4440892098500626E-14
354,stable,-1.000000000000000,166.3108690721817,310.9020706815153,.2220446049250313E-14
355,stable,-1.000000000000000,169.2632819697051,315.3617256342258,.3108624468950438E-14
356,stable,-1.000000000000000,164.5038736074879,307.4346675634244,.4218847493575595E-14
357,stable,-1.000000000000000,168.8407025133247,314.7232284601014,.3552713678800501E-14
358,stable,-1.000000000000000,168.3928423444142,313.5645192074473,.4440892098500626E-14
359,stable,-1.000000000000000,166.0396342961222,309.9745122728475,.5329070518200751E-14
360,stable,-1.000000000000000,165.7869461036193,310.0671750258559,.2886579864025407E-14
361,stable,-1.000000000000000,164.6442054698759,307.7706592760947,.6217248937900877E-14
362,stable,-1.000000000000000,165.6987215962198,309.6929811528166,.4218847493575595E-14
363,stable,-1.000000000000000,166.3820801686196,311.1343874181145,.3552713678800501E-14
364,stable,-1.000000000000000,168.2465715888648,314.6156590961714,.5107025913275720E-14
365,stable,-1.000000000000000,164.5429266286311,308.1879035004569,.6217248937900877E-14
366,stable,-1.000000000000000,164.2897951811062,307.5562812278358,.4440892098500626E-14
367,stable,-1.000000000000000,167.2380047841433,312.6199093089567,.3996802888650564E-14
368,stable,-1.000000000000000,170.9702361209435,318.6031516079003,.4996003610813204E-14
369,stable,-1.000000000000000,165.4199660848638,309.0206252444760,.5995204332975845E-14
370,stable,-1.000000000000000,164.3201030620247,306.9714915788122,.3330669073875470E-14
371,stable,-1.000000000000000,165.6034895909272,309.6795753127553,.3774758283725532E-14
372,stable,-1.000000000000000,167.5099380660215,312.8488619894274,.8437694987151190E-14
373,stable,-1.000000000000000,166.9158227127416,311.8627189996764,.5884182030513330E-14
374,stable,-1.000000000000000,166.1339135141218,311.2299789129196,.6106226635438361E-14
375,stable,-1.000000000000000,166.4155715177885,311.5028877610783,.2997602166487923E-14
376,stable,-1.000000000000000,167.1516038272967,312.1244946820191,.6217248937900877E-14
377,stable,-1.000000000000000,164.1600982549660,307.2799281701028,.4884981308350689E-14
378,stable,-1.000000000000000,168.3222563160938,314.1109058083595,.6217248937900877E-14
379,stable,-1.000000000000000,169.2330346316457,315.2323672910064,.5995204332975845E-14
380,stable,-1.000000000000000,168.7931483751444,314.9416731694516,.5773159728050814E-14
381,stable,-1.000000000000000,166.9220716108255,311.8597595265290,.3552713678800501E-14
382,stable,-1.000000000000000,166.9615575818361,311.8206959697724,.7105427357601002E-14
383,stable,-1.000000000000000,168.4577271708238,314.6912913747936,.6661338147750939E-14
384,stable,-1.000000000000000,164.5104706157131,308.2221902291004,.5107025913275720E-14
385,stable,-1.000000000000000,168.3728900386106,314.8719430147829,.5773159728050814E-14
386,stable,-1.000000000000000,167.0654049182073,311.4527117974514,.4884981308350689E-14
387,stable,-1.000000000000000,167.2360966044676,312.2811837359356,.6217248937900877E-14
388,stable,-1.000000000000000,169.5429393688542,316.4916217083497,.4440892098500626E-14
389,stable,-1.000000000000000,169.1089016709912,315.2071339781330,.4884981308350689E-14
390,stable,-1.000000000000000,166.0207208403267,310.3155049278166,.6217248937900877E-14
391,stable,-1.000000000000000,166.9119925998634,311.6299510074131,.3996802888650564E-14
392,stable,-1.000000000000000,165.4333211505386,309.4079728925659,.4218847493575595E-14
393,stable,-1.000000000000000,165.8890220055176,309.3676873574850,.3774758283725532E-14
394,stable,-1.000000000000000,166.3028276282130,310.7858375498683,.3663735981263017E-14
395,stable,-1.000000000000000,168.2123086402809,314.3654066245335,.3774758283725532E-14
396,stable,-1.000000000000000,166.0684402264824,310.4177048580020,.3108624468950438E-14
397,stable,-1.000000000000000,165.2281178363106,308.8264959615449,.3552713678800501E-14
398,stable,-1.000000000000000,170.3976986084142,317.8315350075172,.3330669073875470E-14
399,stable,-1.000000000000000,166.5605446410775,311.1522780225437,.5551115123125783E-14
400,stable,-1.000000000000000,169.1000802058731,315.0356586888158,.6661338147750939E-14
401,stable,-1.000000000000000,167.0667076848140,312.0973882875691,.6661338147750939E-14
402,stable,-1.000000000000000,166.3213030784230,310.6126376703692,.3552713678800501E-14
403,stable,-1.000000000000000,164.6028793961607,307.5998018524804,.6883382752675971E-14
404,stable,-1.000000000000000,165.8619291772529,310.2243092918773,.4107825191113079E-14
405,stable,-1.000000000000000,167.6273329374789,312.9529697501736,.5329070518200751E-14
406,stable,-1.000000000000000,166.8569622903245,312.0198177527377,.4218847493575595E-14
407,stable,-1.000000000000000,162.4311337035230,304.8468133327993,.6439293542825908E-14
408,stable,-1.000000000000000,167.9094104954406,313.9730506679028,.4662936703425657E-14
409,stable,-1.000000000000000,166.7897820913969,311.5692684177882,.5995204332975845E-14
410,stable,-1.000000000000000,165.6273572580723,309.3862525995752,.3219646771412954E-14
411,stable,-1.000000000000000,167.7839459542020,313.2303755591610,.2664535259100376E-14
412,stable,-1.000000000000000,171.8404017426641,320.4479102501706,.4662936703425657E-14
413,stable,-1.000000000000000,169.5691514270884,316.1575194560979,.5773159728050814E-14
414,stable,-1.000000000000000,171.5282498676433,319.3941610584187,.3330669073875470E-14
415,stable,-1.000000000000000,168.7915032005274,314.7765966876875,.7549516567451064E-14
416,stable,-1.000000000000000,168.7766072814510,315.0005976119321,.4884981308350689E-14
417,stable,-1.000000000000000,166.1437165109123,310.8717552070079,.4440892098500626E-14
418,stable,-1.000000000000000,168.9768695170137,314.4852950967243,.7327471962526033E-14
419,stable,-1.000000000000000,168.4469481179923,314.2263800870824,.4662936703425657E-14
420,stable,-1.000000000000000,170.9453288651296,318.4029612919402,.3330669073875470E-14
421,stable,-1.000000000000000,164.9910513820128,308.6561862350540,.6217248937900877E-14
422,stable,-1.000000000000000,167.9096063231299,313.6387403309483,.5773159728050814E-14
423,stable,-1.000000000000000,166.5460106119257,311.5414701714526,.4884981308350689E-14
424,stable,-1.000000000000000,166.0274721463031,310.4341027133888,.5995204332975845E-14
425,stable,-1.000000000000000,168.0099741659156,313.6100637461379,.5329070518200751E-14
426,stable,-1.000000000000000,170.3079330837539,317.3505431459455,.4440892098500626E-14
427,stable,-1.000000000000000,164.2935076424810,307.8100326614704,.3108624468950438E-14
428,stable,-1.000000000000000,166.9125338735806,311.1638188721368,.2664535259100376E-14
429,stable,-1.000000000000000,166.6690327035905,311.6435870557426,.7105427357601002E-14
430,stable,-1.000000000000000,168.6427753977525,314.9118235879783,.7105427357601002E-14
431,stable,-1.000000000000000,167.8889772327748,313.8163202777678,.4440892098500626E-14
432,stable,-1.000000000000000,168.1727717345717,313.7168266227137,.3996802888650564E-14
433,stable,-1.000000000000000,167.4558367181731,313.3416001629424,.7327471962526033E-14
434,stable,-1.000000000000000,168.1121109776814,314.1752048525423,.5773159728050814E-14
435,stable,-1.000000000000000,166.6257891753179,310.7317820854500,.5551115123125783E-14
436,stable,-1.000000000000000,164.1534316328692,307.1523163828434,.4218847493575595E-14
437,stable,-1.000000000000000,169.7757603615396,316.5134920203395,.5773159728050814E-14
438,stable,-1.000000000000000,167.8712166054423,313.4987908693749,.3330669073875470E-14
439,stable,-1.000000000000000,169.5110561530513,316.1971522052133,.3996802888650564E-14
440,stable,-1.000000000000000,169.8457664621710,316.8192961649051,.3774758283725532E-14
441,stable,-1.000000000000000,167.8497172104600,313.6726386350434,.4440892098500626E-14
442,stable,-1.000000000000000,167.6437330990736,312.9530382776914,.5551115123125783E-14
443,stable,-1.000000000000000,167.4650324517389,312.8609781988929,.4884981308350689E-14
444,stable,-1.000000000000000,167.5429672515376,313.0402881832049,.4218847493575595E-14
445,stable,-1.000000000000000,166.4978872472957,310.8496404715398,.4884981308350689E-14
446,stable,-1.000000000000000,166.7250769737965,311.3299275610901,.3774758283725532E-14
447,stable,-1.000000000000000,164.9948065028349,308.5308630251993,.4884981308350689E-14
448,stable,-1.000000000000000,165.5001209802857,309.3959892434022,.3774758283725532E-14
449,stable,-1.000000000000000,163.3575748902084,306.2746710439179,.6883382752675971E-14
450,stable,-1.000000000000000,163.9123989468938,306.7509071407368,.4773959005888173E-14
451,stable,-1.000000000000000,169.9457348501093,317.0714778387263,.4662936703425657E-14
452,stable,-1.000000000000000,168.9354948809713,315.1723859705090,.4551914400963142E-14
453,stable,-1.000000000000000,162.4715997478407,304.4516305613005,.8104628079763643E-14
454,stable,-1.000000000000000,168.2726827544385,314.0841083167575,.4884981308350689E-14
455,stable,-1.000000000000000,165.8594035294789,309.6775297342743,.5995204332975845E-14
456,stable,-1.000000000000000,172.1962677106080,320.5973071593513,.3552713678800501E-14
457,stable,-1.000000000000000,166.2108093179793,310.5965082114594,.5107025913275720E-14
458,stable,-1.000000000000000,167.0994115871784,312.2005523637386,.4440892098500626E-14
459,stable,-1.000000000000000,165.0491232160209,308.6704784887235,.7993605777301127E-14
460,stable,-1.000000000000000,163.6518808298999,306.6235405735987,.4440892098500626E-14
461,stable,-1.000000000000000,169.7924638222209,316.5134506773813,.3996802888650564E-14
462,stable,-1.000000000000000,167.7060869157581,313.3891686939645,.5329070518200751E-14
463,stable,-1.000000000000000,167.0023453503647,312.0863706796071,.4440892098500626E-14
464,stable,-1.000000000000000,164.9052974534019,308.9066086749989,.7993605777301127E-14
465,stable,-1.000000000000000,168.5330146011944,314.5878883703489,.5218048215738236E-14
466,stable,-1.000000000000000,162.6686112611588,304.5854823025018,.4329869796038111E-14
467,stable,-1.000000000000000,164.1948271978584,307.1671986324432,.8215650382226158E-14
468,stable,-1.000000000000000,167.3719591862472,312.4013809176824,.6883382752675971E-14
469,stable,-1.000000000000000,165.5687888293161,309.8336707494917,.2664535259100376E-14
470,stable,-1.000000000000000,166.9844690955042,312.2657512071522,.4440892098500626E-14
471,stable,-1.000000000000000,165.6596847238176,309.1302418145578,.5551115123125783E-14
472,stable,-1.000000000000000,165.4755778213852,309.8046233722552,.7105427357601002E-14
473,stable,-1.000000000000000,165.2066283816876,308.4325320243280,.9769962616701378E-14
474,stable,-1.000000000000000,169.1043151483889,315.2075686959409,.6661338147750939E-14
475,stable,-1.000000000000000,170.8091778242174,318.2724795315326,.6217248937900877E-14
476,stable,-1.000000000000000,161.8718841601717,303.3855284523797,.6772360450213455E-14
477,stable,-1.000000000000000,168.7468992242785,315.0919957725827,.3663735981263017E-14
478,stable,-1.000000000000000,168.3316008928869,314.0403760556519,.5329070518200751E-14
479,stable,-1.000000000000000,169.5398697495932,316.2871757114008,.7105427357601002E-14
480,stable,-1.000000000000000,167.8761065434192,313.2346933595237,.4440892098500626E-14
481,stable,-1.000000000000000,166.1268582977104,310.3085665329310,.3996802888650564E-14
482,stable,-1.000000000000000,169.8872563473515,317.0889122097183,.3552713678800501E-14
483,stable,-1.000000000000000,170.0194337388632,317.3181656848635,.3996802888650564E-14
484,stable,-1.000000000000000,165.3656142388101,309.2703124293193,.3330669073875470E-14
485,stable,-1.000000000000000,168.6153184609677,314.5321908826518,.7549516567451064E-14
486,stable,-1.000000000000000,168.5597825526806,315.1105220904439,.3885780586188048E-14
487,stable,-1.000000000000000,165.1425080539237,309.2027636001380,.3996802888650564E-14
488,stable,-1.000000000000000,165.8804131264802,310.2255454580655,.3663735981263017E-14
489,stable,-1.000000000000000,166.2033787473329,310.7440216673452,.5995204332975845E-14
490,stable,-1.000000000000000,167.9197193806391,313.8362397127347,.6994405055138486E-14
491,stable,-1.000000000000000,167.2494079515651,312.5156206390052,.3108624468950438E-14
492,stable,-1.000000000000000,165.8265667447475,310.0374622312905,.4440892098500626E-14
493,stable,-1.000000000000000,167.1885642230597,312.4251217197212,.6994405055138486E-14
494,stable,-1.000000000000000,164.7268113931708,307.9259196779675,.3996802888650564E-14
495,stable,-1.000000000000000,167.8578009462563,312.6685518354230,.3552713678800501E-14
496,stable,-1.000000000000000,167.8045532687878,313.3064960137260,.7105427357601002E-14
497,stable,-1.000000000000000,167.8365641678688,313.7484244812130,.2886579864025407E-14
498,stable,-1.000000000000000,167.2197163030588,312.0741744348479,.8881784197001252E-14
499,stable,-1.000000000000000,165.2792039657058,309.3210686418725,.5995204332975845E-14
500,stable,-1.000000000000000,165.3910243752013,309.7678464755307,.3552713678800501E-14
501,stable,-1.000000000000000,164.6533394034487,307.8211343377246,.3996802888650564E-14
502,stable,-1.000000000000000,167.5151525969350,312.4060900595168,.3663735981263017E-14
503,stable,-1.000000000000000,166.9836144391417,312.0816837068976,.6328271240363392E-14
504,stable,-1.000000000000000,168.2789767543098,313.3879860875051,.3552713678800501E-14
505,stable,-1.000000000000000,164.0018456499721,307.7712204297395,.4440892098500626E-14
506,stable,-1.000000000000000,166.5445807204374,311.1476689316257,.3996802888650564E-14
507,stable,-1.000000000000000,170.5074821171877,317.9983276613171,.6217248937900877E-14
508,stable,-1.000000000000000,166.4004892423993,311.2559359216647,.3552713678800501E-14
509,stable,-1.000000000000000,166.3598618124790,310.8980135251139,.4218847493575595E-14
510,stable,-1.000000000000000,167.6293472484204,313.2589325151841,.4884981308350689E-14
511,stable,-1.000000000000000,168.8907078975500,315.1490895619695,.5773159728050814E-14
512,stable,-1.000000000000000,170.1819767260409,317.2967332769836,.5773159728050814E-14
513,stable,-1.000000000000000,168.7856837111256,315.3369070511567,.5995204332975845E-14
514,stable,-1.000000000000000,167.4331902100406,313.3477964601793,.2886579864025407E-14
515,stable,-1.000000000000000,167.5567638515422,313.1403315917556,.4884981308350689E-14
516,stable,-1.000000000000000,168.1961799306224,313.8544126089122,.4662936703425657E-14
517,stable,-1.000000000000000,165.9247336300899,310.3422231847867,.3552713678800501E-14
518,stable,-1.000000000000000,170.2916275877573,317.2582183151408,.5995204332975845E-14
519,stable,-1.000000000000000,165.4056188898102,309.3525863405772,.4218847493575595E-14
520,stable,-1.000000000000000,165.5341639819691,309.5286806730858,.4440892098500626E-14
521,stable,-1.000000000000000,165.2724530026626,309.4300993197816,.4218847493575595E-14
522,stable,-1.000000000000000,169.0978997607903,315.5858820643175,.3774758283725532E-14
523,stable,-1.000000000000000,165.9454842157666,309.5064301594371,.3552713678800501E-14
524,stable,-1.000000000000000,164.1182355842238,306.9398022524972,.6217248937900877E-14
525,stable,-1.000000000000000,168.5696759253391,314.7352462247650,.5773159728050814E-14
526,stable,-1.000000000000000,166.2639321019489,310.7672535711564,.4440892098500626E-14
527,stable,-1.000000000000000,165.1518750209574,308.8168797267234,.9769962616701378E-14
528,stable,-1.000000000000000,169.1911831470023,315.4103357684685,.5551115123125783E-14
529,stable,-1.000000000000000,168.6924391886618,314.9215737788393,.4884981308350689E-14
530,stable,-1.000000000000000,170.7964561663439,318.6009864188511,.6217248937900877E-14
531,stable,-1.000000000000000,168.6334313260890,314.8113057252884,.6661338147750939E-14
532,stable,-1.000000000000000,168.0759861751194,313.5677364442444,.4440892098500626E-14
533,stable,-1.000000000000000,167.6578049550621,312.9676180894529,.7993605777301127E-14
534,stable,-1.000000000000000,166.5516397067862,311.0137397884507,.4440892098500626E-14
535,stable,-1.000000000000000,165.4074646422735,309.5741278396430,.4662936703425657E-14
536,stable,-1.000000000000000,167.2218317165186,312.3276895883242,.5107025913275720E-14
537,stable,-1.000000000000000,167.6867721566004,312.6319884396153,.4440892098500626E-14
538,stable,-1.000000000000000,168.2966081337738,313.7274636977148,.5551115123125783E-14
539,stable,-1.000000000000000,168.0704567518785,313.7732579282398,.2664535259100376E-14
540,stable,-1.000000000000000,167.9587299660941,313.2439188829677,.3996802888650564E-14
541,stable,-1.000000000000000,166.7133040748554,311.2082935037960,.3774758283725532E-14
542,stable,-1.000000000000000,167.8653525792035,313.3328757977206,.4884981308350689E-14
543,stable,-1.000000000000000,165.9855453209591,310.4107824557659,.3552713678800501E-14
544,stable,-1.000000000000000,166.1872712020102,310.4699053416242,.3996802888650564E-14
545,stable,-1.000000000000000,168.5120435484296,314.4032691050811,.7771561172376096E-14
546,stable,-1.000000000000000,169.3751628744930,315.9171859664507,.8215650382226158E-14
547,stable,-1.000000000000000,167.8669065412524,313.1367669445963,.6661338147750939E-14
548,stable,-1.000000000000000,167.7781177450630,312.8631934831704,.5329070518200751E-14
549,stable,-1.000000000000000,167.4836249729534,312.6020745893661,.4884981308350689E-14
550,stable,-1.000000000000000,168.6728091393745,314.3499245323415,.4884981308350689E-14
551,stable,-1.000000000000000,164.5008211564453,307.9517836478457,.4551914400963142E-14
552,stable,-1.000000000000000,169.6688273632223,316.5187716871069,.4884981308350689E-14
553,stable,-1.000000000000000,170.1491148021769,317.2320013177583,.4884981308350689E-14
554,stable,-1.000000000000000,168.2693770717072,314.5454737860105,.3330669073875470E-14
555,stable,-1.000000000000000,172.0387940109790,320.1765237963141,.7327471962526033E-14
556,stable,-1.000000000000000,167.2121922615105,312.7217776014681,.5107025913275720E-14
557,stable,-1.000000000000000,166.2463128645456,310.7721790035318,.3552713678800501E-14
558,stable,-1.000000000000000,170.5667634626988,317.3914754236504,.4884981308350689E-14
559,stable,-1.000000000000000,170.1502020527479,316.9959878323829,.5773159728050814E-14
560,stable,-1.000000000000000,166.9387237774428,312.3723310641728,.3885780586188048E-14
561,stable,-1.000000000000000,166.6364329757280,311.2228946445770,.3552713678800501E-14
562,stable,-1.000000000000000,168.2690229740371,314.2824035285263,.4107825191113079E-14
563,stable,-1.000000000000000,167.7364488942013,313.2878621437368,.3774758283725532E-14
564,stable,-1.000000000000000,164.5378310860448,307.6829418370526,.4884981308350689E-14
565,stable,-1.000000000000000,169.4649174166814,316.3208282071004,.5773159728050814E-14
566,stable,-1.000000000000000,168.8161023400100,314.9189238222840,.7993605777301127E-14
567,stable,-1.000000000000000,167.2673797357658,312.5170667719005,.3774758283725532E-14
568,stable,-1.000000000000000,166.8270796268869,311.9494241817683,.4218847493575595E-14
569,stable,-1.000000000000000,163.3135058631645,305.7832848537972,.4773959005888173E-14
570,stable,-1.000000000000000,165.3614873938303,309.7128893283334,.4440892098500626E-14
571,stable,-1.000000000000000,168.5980484356723,314.1997740340198,.4218847493575595E-14
572,stable,-1.000000000000000,168.4086445824697,313.6522550935956,.3663735981263017E-14
573,stable,-1.000000000000000,166.5086771996596,310.9190296102904,.3996802888650564E-14
574,stable,-1.000000000000000,168.7829346304336,314.5318882757809,.5773159728050814E-14
575,stable,-1.000000000000000,166.9390844950966,311.7542574946773,.5107025913275720E-14
576,stable,-1.000000000000000,166.5334068285799,310.9768904155355,.4440892098500626E-14
577,stable,-1.000000000000000,168.5292214452684,314.0692530162657,.3108624468950438E-14
578,stable,-1.000000000000000,166.6018481446248,311.1492042938975,.5551115123125783E-14
579,stable,-1.000000000000000,166.1737819746813,310.6263324510895,.3330669073875470E-14
580,stable,-1.000000000000000,167.2020921962120,312.2632940449820,.4662936703425657E-14
581,stable,-1.000000000000000,168.5029784445559,314.6038208179803,.3108624468950438E-14
582,stable,-1.000000000000000,163.4328238424270,305.6169209886850,.6217248937900877E-14
583,stable,-1.000000000000000,166.1293320632671,310.3607970374827,.6217248937900877E-14
584,stable,-1.000000000000000,167.6003013957487,313.7158148849260,.6661338147750939E-14
585,stable,-1.000000000000000,166.9838313553754,311.6440248589597,.5329070518200751E-14
586,stable,-1.000000000000000,168.4950517677462,314.5761867882658,.3552713678800501E-14
587,stable,-1.000000000000000,168.3761372852909,314.5886015377996,.4329869796038111E-14
588,stable,-1.000000000000000,169.2695122742441,315.7325459300981,.4884981308350689E-14
589,stable,-1.000000000000000,168.6636792586339,314.8006479924101,.3330669073875470E-14
590,stable,-1.000000000000000,164.8761867020567,307.9392509495150,.7216449660063518E-14
591,stable,-1.000000000000000,168.7580708064939,315.1625467991347,.3552713678800501E-14
592,stable,-1.000000000000000,166.8963354927334,312.3626152258602,.6217248937900877E-14
593,stable,-1.000000000000000,168.4501002230346,314.3566188304073,.4218847493575595E-14
594,stable,-1.000000000000000,165.6262023609031,309.8091403663475,.2997602166487923E-14
595,stable,-1.000000000000000,165.8858694997380,310.1082812613792,.1065814103640150E-13
596,stable,-1.000000000000000,164.7462460005297,308.2745868963275,.2997602166487923E-14
597,stable,-1.000000000000000,168.6532303006664,314.2888274198751,.5329070518200751E-14
598,stable,-1.000000000000000,166.6415429697651,311.2474800941952,.4662936703425657E-14
599,stable,-1.000000000000000,170.3050334171949,317.3495394987091,.5329070518200751E-14
600,stable,-1.000000000000000,166.0710534376999,310.3988901531766,.3996802888650564E-14
601,stable,-1.000000000000000,170.0804779458809,317.3952539515230,.4218847493575595E-14
602,stable,-1.000000000000000,163.8911341201442,306.9357176903637,.6328271240363392E-14
603,stable,-1.000000000000000,167.9732254853700,313.5126920453104,.3108624468950438E-14
604,stable,-1.000000000000000,170.6354883144177,318.3552551275830,.5329070518200751E-14
605,stable,-1.000000000000000,165.5039036343633,309.7410185669764,.4773959005888173E-14
606,stable,-1.000000000000000,168.5683772324481,314.5014736743122,.6439293542825908E-14
607,stable,-1.000000000000000,167.8059668039406,313.3723772500628,.5551115123125783E-14
608,stable,-1.000000000000000,164.4849786179525,308.1173785722965,.6661338147750939E-14
609,stable,-1.000000000000000,166.2322686400894,310.7960573587888,.4440892098500626E-14
610,stable,-1.000000000000000,168.2102360147401,313.8391228088749,.5551115123125783E-14
611,stable,-1.000000000000000,167.7511498687996,312.5133419940240,.3996802888650564E-14
612,stable,-1.000000000000000,170.9642919047309,317.7779748820408,.8326672684688674E-14
613,stable,-1.000000000000000,164.8903288686843,308.0079294646918,.7993605777301127E-14
614,stable,-1.000000000000000,168.0155645457730,314.1676235611366,.5551115123125783E-14
615,stable,-1.000000000000000,168.6000158138334,314.9788942923688,.5995204332975845E-14
616,stable,-1.000000000000000,168.3426385215636,314.2530540043163,.5995204332975845E-14
617,stable,-1.000000000000000,168.5340755424437,314.3507043009375,.3996802888650564E-14
618,stable,-1.000000000000000,171.2479590067583,319.1305186667414,.3663735981263017E-14
619,stable,-1.000000000000000,168.6402710834741,314.5743967945592,.7549516567451064E-14
620,stable,-1.000000000000000,166.2383195657820,310.8207927347642,.6661338147750939E-14
621,stable,-1.000000000000000,166.6121278214752,311.2235598010033,.2886579864025407E-14
622,stable,-1.000000000000000,166.3826560657218,310.8276906030775,.4662936703425657E-14
623,stable,-1.000000000000000,161.5957025653171,302.4057029287171,.5440092820663267E-14
624,stable,-1.000000000000000,167.1683991383689,312.2790517706384,.5551115123125783E-14
625,stable,-1.000000000000000,164.8885428797806,308.2477970270521,.3108624468950438E-14
626,stable,-1.000000000000000,170.0213375096521,316.6888656858549,.3663735981263017E-14
627,stable,-1.000000000000000,171.0285844360569,319.2653630684179,.4440892098500626E-14
628,stable,-1.000000000000000,166.4853784990876,311.1063732274011,.5440092820663267E-14
629,stable,-1.000000000000000,165.4953007930032,309.7544898686625,.1998401444325282E-14
630,stable,-1.000000000000000,166.9959576307025,312.0000663692627,.5773159728050814E-14
631,stable,-1.000000000000000,164.9294450484655,308.2897637106402,.2664535259100376E-14
632,stable,-1.000000000000000,167.3741771038902,312.2425997368343,.4218847493575595E-14
633,stable,-1.000000000000000,168.9638601662350,315.3938268941432,.3108624468950438E-14
634,stable,-1.000000000000000,164.5990759316803,308.0142919298036,.4329869796038111E-14
635,stable,-1.000000000000000,164.2234381558042,307.5249955452525,.7327471962526033E-14
636,stable,-1.000000000000000,165.5342311643402,309.6996951188852,.6661338147750939E-14
637,stable,-1.000000000000000,167.4080837810126,312.5824632751426,.4440892098500626E-14
638,stable,-1.000000000000000,167.3615194525377,311.7663485963567,.4440892098500626E-14
639,stable,-1.000000000000000,164.9914784705345,308.5640205709770,.2886579864025407E-14
640,stable,-1.000000000000000,166.9526817276921,311.8382219137876,.4107825191113079E-14
641,stable,-1.000000000000000,168.1619157963238,313.6283295522161,.2664535259100376E-14
642,stable,-1.000000000000000,171.1602021043522,319.2358746240701,.3552713678800501E-14
643,stable,-1.000000000000000,170.1029686587922,316.8809599444270,.7771561172376096E-14
644,stable,-1.000000000000000,165.5867165804912,309.2614820449290,.7105427357601002E-14
645,stable,-1.000000000000000,171.7164195302977,319.7043729770521,.4551914400963142E-14
646,stable,-1.000000000000000,164.6790766346641,307.7244394882213,.3330669073875470E-14
647,stable,-1.000000000000000,169.6429954463549,315.8343595411549,.4662936703425657E-14
648,stable,-1.000000000000000,166.6394816737283,311.5441700508009,.3996802888650564E-14
649,stable,-1.000000000000000,166.3364436902631,310.8814405089534,.5440092820663267E-14
650,stable,-1.000000000000000,166.3152179268343,310.2704398813181,.4884981308350689E-14
651,stable,-1.000000000000000,168.9773135934239,315.3029097347130,.4884981308350689E-14
652,stable,-1.000000000000000,169.0379189019268,315.6211375377714,.5329070518200751E-14
653,stable,-1.000000000000000,165.7247986161122,310.4412731659898,.3330669073875470E-14
654,stable,-1.000000000000000,167.3360936516130,312.9085933978993,.7549516567451064E-14
655,stable,-1.000000000000000,162.9949450096538,305.2767857991395,.1054711873393899E-13
656,stable,-1.000000000000000,166.9773552377943,311.6524336348064,.5773159728050814E-14
657,stable,-1.000000000000000,163.4314326048248,306.1769326752190,.5995204332975845E-14
658,stable,-1.000000000000000,166.0150404288296,310.0201323480838,.4662936703425657E-14
659,stable,-1.000000000000000,167.5703512583124,312.6472029166596,.5329070518200751E-14
660,stable,-1.000000000000000,170.4706317821164,317.6384669891828,.3552713678800501E-14
661,stable,-1.000000000000000,163.6121177417335,306.1634502333419,.4218847493575595E-14
662,stable,-1.000000000000000,166.3541460424441,310.6650389466276,.3996802888650564E-14
663,stable,-1.000000000000000,167.2006545531454,311.8895606842842,.4884981308350689E-14
664,stable,-1.000000000000000,168.7723135359160,315.2357562840493,.7105427357601002E-14
665,stable,-1.000000000000000,167.3248672362800,311.9825591515545,.5329070518200751E-14
666,stable,-1.000000000000000,170.8749387909457,317.6123759057353,.7549516567451064E-14
667,stable,-1.000000000000000,167.8458380307689,313.2090065358761,.3552713678800501E-14
668,stable,-1.000000000000000,166.9675139507814,312.1566681914605,.3330669073875470E-14
669,stable,-1.000000000000000,169.2705383166414,316.3695189757442,.3996802888650564E-14
670,stable,-1.000000000000000,163.9070789977019,307.0189010124206,.3552713678800501E-14
671,stable,-1.000000000000000,162.5170121835549,304.3746932397276,.4884981308350689E-14
672,stable,-1.000000000000000,167.5240567008871,312.1060241274581,.4662936703425657E-14
673,stable,-1.000000000000000,167.5678982708523,312.8619011267993,.3330669073875470E-14
674,stable,-1.000000000000000,164.1801132019768,306.7808781077830,.4662936703425657E-14
675,stable,-1.000000000000000,170.3003549996455,317.9515413623327,.6883382752675971E-14
676,stable,-1.000000000000000,165.6939806189327,309.3475734744300,.7993605777301127E-14
677,stable,-1.000000000000000,168.0700795733705,313.6666663699662,.5329070518200751E-14
678,stable,-1.000000000000000,164.5495501263087,307.8086649018606,.4884981308350689E-14
679,stable,-1.000000000000000,165.5486764663935,309.3671068957370,.3552713678800501E-14
680,stable,-1.000000000000000,164.6565289086054,307.7941255862655,.5773159728050814E-14
681,stable,-1.000000000000000,166.2805840995205,311.2725803515062,.9658940314238862E-14
682,stable,-1.000000000000000,171.4833347401738,319.2548880462198,.5551115123125783E-14
683,stable,-1.000000000000000,168.5523198300463,314.6445208695754,.4440892098500626E-14
684,stable,-1.000000000000000,167.2622017132186,312.3678614768115,.6106226635438361E-14
685,stable,-1.000000000000000,165.7347032823390,309.7783444325624,.7549516567451064E-14
686,stable,-1.000000000000000,165.5293142935294,309.0537330162796,.3996802888650564E-14
687,stable,-1.000000000000000,169.4969189624778,316.1313742981617,.4662936703425657E-14
688,stable,-1.000000000000000,164.7903298997809,308.5345533489296,.3996802888650564E-14
689,stable,-1.000000000000000,169.0331864481265,315.2453131669960,.4662936703425657E-14
690,stable,-1.000000000000000,164.7867351584098,308.8705946928214,.6217248937900877E-14
691,stable,-1.000000000000000,168.2351200277278,314.0093820049492,.9992007221626409E-14
692,stable,-1.000000000000000,168.3360691338086,314.1474266085065,.7549516567451064E-14
693,stable,-1.000000000000000,166.1893260956110,310.7801635725864,.4107825191113079E-14
694,stable,-1.000000000000000,167.3400604090152,312.8838933945406,.5773159728050814E-14
695,stable,-1.000000000000000,164.4291356635574,307.4862189471870,.4662936703425657E-14
696,stable,-1.000000000000000,168.4610021696710,314.2925089923062,.7327471962526033E-14
697,stable,-1.000000000000000,170.5255720694628,317.7746937829864,.4884981308350689E-14
698,stable,-1.000000000000000,166.6868326036805,311.3322094248380,.5773159728050814E-14
699,stable,-1.000000000000000,167.9611834006614,313.6314113850202,.4884981308350689E-14
700,stable,-1.000000000000000,173.8516751068027,323.7846109702483,.4440892098500626E-14
701,stable,-1.000000000000000,168.5699540259052,314.5023815474095,.5107025913275720E-14
702,stable,-1.000000000000000,165.0889345276556,309.1010772454229,.2886579864025407E-14
703,stable,-1.000000000000000,167.4811231689124,312.3746672126191,.4884981308350689E-14
704,stable,-1.000000000000000,166.7566929740941,311.5242899574068,.4884981308350689E-14
705,stable,-1.000000000000000,167.0985998550468,311.8972052829186,.6883382752675971E-14
706,stable,-1.000000000000000,166.7799903108022,311.5761728119789,.3552713678800501E-14
707,stable,-1.000000000000000,163.9970068890826,306.9486738644566,.3996802888650564E-14
708,stable,-1.000000000000000,170.0174876577912,317.0646687581831,.4662936703425657E-14
709,stable,-1.000000000000000,166.3894596574380,311.1719374393605,.3996802888650564E-14
710,stable,-1.000000000000000,168.2963211832475,314.4045259541883,.5329070518200751E-14
711,stable,-1.000000000000000,166.1248717686290,310.4618008590957,.3996802888650564E-14
712,stable,-1.000000000000000,168.0279822531502,313.3726683953813,.3996802888650564E-14
713,stable,-1.000000000000000,162.1548004499720,303.5867945780545,.3108624468950438E-14
714,stable,-1.000000000000000,165.9581202150892,310.1022336758352,.3996802888650564E-14
715,stable,-1.000000000000000,170.5840973654861,317.2180171187357,.7771561172376096E-14
716,stable,-1.000000000000000,168.7641049607395,314.6372088683877,.7327471962526033E-14
717,stable,-1.000000000000000,166.4147218242061,310.7040702527102,.6106226635438361E-14
718,stable,-1.000000000000000,167.3850776909386,311.9564123440455,.4884981308350689E-14
719,stable,-1.000000000000000,163.2340556083496,305.5415488453376,.3774758283725532E-14
720,stable,-1.000000000000000,163.9537312371138,306.9228999433219,.3996802888650564E-14
721,stable,-1.000000000000000,166.8968263498987,311.4481155040114,.5995204332975845E-14
722,stable,-1.000000000000000,165.7076355631771,310.2456739357036,.4884981308350689E-14
723,stable,-1.000000000000000,167.5525104913112,313.1935655810385,.8437694987151190E-14
724,stable,-1.000000000000000,167.2511035473306,312.0560284363428,.5995204332975845E-14
725,stable,-1.000000000000000,166.4594505109137,311.1357218496609,.4662936703425657E-14
726,stable,-1.000000000000000,165.8291800336269,309.8320774830599,.6439293542825908E-14
727,stable,-1.000000000000000,165.0663045324201,309.5563969980770,.4662936703425657E-14
728,stable,-1.000000000000000,169.4428215171048,316.2232978584707,.6994405055138486E-14
729,stable,-1.000000000000000,168.5061125891247,314.1176682465579,.4662936703425657E-14
730,stable,-1.000000000000000,167.3457179350530,312.3018668563622,.6550315845288424E-14
731,stable,-1.000000000000000,166.3381845995257,310.8979994542281,.3552713678800501E-14
732,stable,-1.000000000000000,167.7179473566269,313.0331319133244,.6439293542825908E-14
733,stable,-1.000000000000000,166.6468585880847,311.2656318378725,.5551115123125783E-14
734,stable,-1.000000000000000,167.4830741848342,312.4647082065547,.3552713678800501E-14
735,stable,-1.000000000000000,167.8404772077467,313.9166002443256,.6439293542825908E-14
736,stable,-1.000000000000000,167.9050034301555,313.0038225156635,.5329070518200751E-14
737,stable,-1.000000000000000,167.7407638215637,313.4892586236910,.4218847493575595E-14
738,stable,-1.000000000000000,163.6695996295921,306.4289933693476,.3330669073875470E-14
739,stable,-1.000000000000000,169.5653041777368,316.1448506813678,.3885780586188048E-14
740,stable,-1.000000000000000,164.8872302880951,308.4436115674592,.4662936703425657E-14
741,stable,-1.000000000000000,165.6753654457780,309.4507982758983,.2553512956637860E-14
742,stable,-1.000000000000000,168.3108634856605,313.8520249218949,.3441691376337985E-14
743,stable,-1.000000000000000,165.9199094330505,310.0782933246231,.5773159728050814E-14
744,stable,-1.000000000000000,166.5247064513321,310.9526718250889,.7327471962526033E-14
745,stable,-1.000000000000000,166.7039990991476,311.3683123652665,.9103828801926284E-14
746,stable,-1.000000000000000,161.1178755427882,301.7723987814518,.3108624468950438E-14
747,stable,-1.000000000000000,166.8701764317459,311.4784189751473,.5773159728050814E-14
748,stable,-1.000000000000000,170.1528448789294,317.7075152457080,.6217248937900877E-14
749,stable,-1.000000000000000,163.5013371202425,306.4119586355074,.3996802888650564E-14
750,stable,-1.000000000000000,165.2825780296675,309.5008717256039,.6217248937900877E-14
751,stable,-1.000000000000000,165.6810061439537,309.9457325851932,.6328271240363392E-14
752,stable,-1.000000000000000,166.7936779922068,311.3487533346497,.3552713678800501E-14
753,stable,-1.000000000000000,168.8186247411295,315.3874767733676,.5773159728050814E-14
754,stable,-1.000000000000000,167.0605156389592,311.9120452539672,.4773959005888173E-14
755,stable,-1.000000000000000,166.5427919035386,311.1028860640169,.4884981308350689E-14
756,stable,-1.000000000000000,165.8069213949726,310.0802279137921,.3774758283725532E-14
757,stable,-1.000000000000000,166.9180589587607,312.0947720406703,.4440892098500626E-14
758,stable,-1.000000000000000,170.2267586601368,317.4639475671921,.6217248937900877E-14
759,stable,-1.000000000000000,168.4621879696029,314.8913084376841,.5218048215738236E-14
760,stable,-1.000000000000000,169.6522416732824,316.9020719694308,.4107825191113079E-14
761,stable,-1.000000000000000,169.8040710518437,316.4284715066527,.6217248937900877E-14
762,stable,-1.000000000000000,166.4395017136684,311.1019293240851,.5107025913275720E-14
763,stable,-1.000000000000000,165.0138626004694,308.6329321503272,.5107025913275720E-14
764,stable,-1.000000000000000,166.6550067936634,311.4514739391931,.3330669073875470E-14
765,stable,-1.000000000000000,165.5670404200491,309.8991039108317,.4662936703425657E-14
766,stable,-1.000000000000000,167.1904798600000,312.5261860815149,.5551115123125783E-14
767,stable,-1.000000000000000,162.7272847288301,304.7368685563408,.5773159728050814E-14
768,stable,-1.000000000000000,168.3644426901000,313.7819932113736,.3774758283725532E-14
769,stable,-1.000000000000000,169.1338990389476,315.3825350460841,.6217248937900877E-14
770,stable,-1.000000000000000,164.8557788298087,308.8161629320471,.3774758283725532E-14
771,stable,-1.000000000000000,166.9569841541848,311.9008324824686,.3774758283725532E-14
772,stable,-1.000000000000000,167.5119876349299,312.1882689271703,.1065814103640150E-13
773,stable,-1.000000000000000,167.9207957436822,313.2581938669594,.3996802888650564E-14
774,stable,-1.000000000000000,169.3033064159907,315.1174554397576,.3996802888650564E-14
775,stable,-1.000000000000000,167.8008717799566,313.6375555814623,.5329070518200751E-14
776,stable,-1.000000000000000,164.9446493120071,308.2342567299942,.3774758283725532E-14
777,stable,-1.000000000000000,165.9634457515063,310.6558910295323,.6106226635438361E-14
778,stable,-1.000000000000000,166.7438225512464,311.6930580379955,.4773959005888173E-14
779,stable,-1.000000000000000,166.1946665815799,310.7145836158925,.3108624468950438E-14
780,stable,-1.000000000000000,168.9571192269367,315.1622613771102,.3552713678800501E-14
781,stable,-1.000000000000000,164.3318704511844,307.9851901724962,.3774758283725532E-14
782,stable,-1.000000000000000,165.5846144138940,309.6373109204583,.3108624468950438E-14
783,stable,-1.000000000000000,164.8644101475172,308.2887092971191,.7771561172376096E-14
784,stable,-1.000000000000000,167.2320314079112,312.7713340948397,.4662936703425657E-14
785,stable,-1.000000000000000,167.2511991385122,312.7875629882316,.5329070518200751E-14
786,stable,-1.000000000000000,166.4552705643736,311.2967338389528,.3108624468950438E-14
787,stable,-1.000000000000000,169.1315219001367,315.3867326271667,.6661338147750939E-14
788,stable,-1.000000000000000,169.7747659474476,317.2261101000057,.3996802888650564E-14
789,stable,-1.000000000000000,166.9906362018627,312.3761083399301,.2664535259100376E-14
790,stable,-1.000000000000000,168.4625569756089,313.9677120100829,.5773159728050814E-14
791,stable,-1.000000000000000,165.5971281757833,309.7434850108835,.3996802888650564E-14
792,stable,-1.000000000000000,167.6032161534382,312.8141732311284,.4884981308350689E-14
793,stable,-1.000000000000000,167.0873114666713,312.0335516973293,.5773159728050814E-14
794,stable,-1.000000000000000,161.3254176601594,302.6882074620171,.4662936703425657E-14
795,stable,-1.000000000000000,168.4104819397486,314.4691761586270,.5773159728050814E-14
796,stable,-1.000000000000000,169.2856361816324,315.9263269392056,.4329869796038111E-14
797,stable,-1.000000000000000,168.9996256726279,315.3869462072046,.4884981308350689E-14
798,stable,-1.000000000000000,167.9421825188727,313.8633647325530,.4440892098500626E-14
799,stable,-1.000000000000000,166.6234178544348,311.1103102409747,.5107025913275720E-14
800,stable,-1.000000000000000,166.2628197163003,311.3389901496537,.9103828801926284E-14
801,stable,-1.000000000000000,165.1195417344861,308.8671891219459,.6328271240363392E-14
802,stable,-1.000000000000000,166.5282774103056,311.3176835280371,.5773159728050814E-14
803,stable,-1.000000000000000,168.7225085768249,314.8337367956784,.4551914400963142E-14
804,stable,-1.000000000000000,168.2757573509511,314.4814450247587,.4218847493575595E-14
805,stable,-1.000000000000000,165.0686674530472,309.4343488665455,.4662936703425657E-14
806,stable,-1.000000000000000,164.2290193389533,307.8311412255293,.5329070518200751E-14
807,stable,-1.000000000000000,171.3400739777672,318.8898503178323,.3996802888650564E-14
808,stable,-1.000000000000000,167.4699121470431,313.3621821536832,.5995204332975845E-14
809,stable,-1.000000000000000,166.0508858840558,310.3679104994967,.7771561172376096E-14
810,stable,-1.000000000000000,165.4635256129830,309.1179978278778,.5329070518200751E-14
811,stable,-1.000000000000000,168.0728254612054,313.2782401228052,.4440892098500626E-14
812,stable,-1.000000000000000,168.3062711314726,313.8555117262941,.4662936703425657E-14
813,stable,-1.000000000000000,166.6326151728639,311.6348782374779,.5329070518200751E-14
814,stable,-1.000000000000000,164.2872375319305,307.8225469949579,.3330669073875470E-14
815,stable,-1.000000000000000,169.6114713325896,316.9322984099066,.7993605777301127E-14
816,stable,-1.000000000000000,167.6868814100926,313.4460461657751,.3108624468950438E-14
817,stable,-1.000000000000000,167.1464191672970,312.4857385359197,.4773959005888173E-14
818,stable,-1.000000000000000,170.0575796503440,317.0002918390352,.3330669073875470E-14
819,stable,-1.000000000000000,165.4997582975846,309.5813001476052,.2664535259100376E-14
820,stable,-1.000000000000000,168.8405495033098,315.2463917472313,.7549516567451064E-14
821,stable,-1.000000000000000,170.2414854440063,317.9716789661365,.7549516567451064E-14
822,stable,-1.000000000000000,165.8807606077444,310.6110946059045,.7660538869913580E-14
823,stable,-1.000000000000000,168.9085900161654,314.6914427938136,.3552713678800501E-14
824,stable,-1.000000000000000,168.1385732079249,313.9178779298297,.4884981308350689E-14
825,stable,-1.000000000000000,167.7059588693442,313.2169454414740,.6439293542825908E-14
826,stable,-1.000000000000000,164.0408207202531,307.0382894193262,.2664535259100376E-14
827,stable,-1.000000000000000,168.8275789482686,314.6839465953188,.5329070518200751E-14
828,stable,-1.000000000000000,168.2913570961636,314.3746248980422,.3996802888650564E-14
829,stable,-1.000000000000000,167.0458263538106,311.6346572269221,.4218847493575595E-14
830,stable,-1.000000000000000,168.5574663222799,314.2097463103760,.4107825191113079E-14
831,stable,-1.000000000000000,164.3945399159905,307.0468833798931,.5773159728050814E-14
832,stable,-1.000000000000000,167.1366065916865,312.6002562939376,.4440892098500626E-14
833,stable,-1.000000000000000,164.9847259651109,308.4545248779111,.5107025913275720E-14
834,stable,-1.000000000000000,167.5667701941996,313.1577115041517,.4662936703425657E-14
835,stable,-1.000000000000000,170.6391542261055,317.8692804840196,.4884981308350689E-14
836,stable,-1.000000000000000,167.3759514325365,313.0144871555331,.5773159728050814E-14
837,stable,-1.000000000000000,167.2135747633642,311.9441137540257,.3663735981263017E-14
838,stable,-1.000000000000000,166.7044035478060,311.7374374377301,.7993605777301127E-14
839,stable,-1.000000000000000,166.4768405388271,310.8687243178451,.4440892098500626E-14
840,stable,-1.000000000000000,167.7817536648790,313.1605434350963,.5107025913275720E-14
841,stable,-1.000000000000000,166.1081278108576,310.3830304598587,.3996802888650564E-14
842,stable,-1.000000000000000,167.3576309399180,312.3823857444341,.6217248937900877E-14
843,stable,-1.000000000000000,166.2562042743718,310.8673722369335,.4884981308350689E-14
844,stable,-1.000000000000000,168.5581832613480,314.5376873525652,.4440892098500626E-14
845,stable,-1.000000000000000,163.6834588243644,306.6770254028901,.4551914400963142E-14
846,stable,-1.000000000000000,169.9523362680022,316.8916117647668,.3996802888650564E-14
847,stable,-1.000000000000000,167.0275037345598,311.6869876490444,.3330669073875470E-14
848,stable,-1.000000000000000,169.3721888946140,315.7182944548921,.4773959005888173E-14
849,stable,-1.000000000000000,169.5179711306562,316.1527839617493,.6550315845288424E-14
850,stable,-1.000000000000000,167.6465035342604,313.4156558374473,.3996802888650564E-14
851,stable,-1.000000000000000,169.6606757251718,317.2345198638260,.5107025913275720E-14
852,stable,-1.000000000000000,169.1321384605646,314.7542238132945,.4662936703425657E-14
853,stable,-1.000000000000000,168.0873406354501,314.3313905642635,.9436895709313831E-14
854,stable,-1.000000000000000,167.2477357340042,312.4717171442740,.6439293542825908E-14
855,stable,-1.000000000000000,166.6678498106814,311.8245891368888,.5329070518200751E-14
856,stable,-1.000000000000000,170.0851074040171,316.7395685281172,.6217248937900877E-14
857,stable,-1.000000000000000,167.5942093620514,312.4684574837236,.9658940314238862E-14
858,stable,-1.000000000000000,169.2739417234083,315.8156292168962,.3774758283725532E-14
859,stable,-1.000000000000000,166.1943489903680,310.6786257919852,.5107025913275720E-14
860,stable,-1.000000000000000,169.8807492036485,316.4400532838890,.2886579864025407E-14
861,stable,-1.000000000000000,164.6325339729728,307.4627873857035,.5329070518200751E-14
862,stable,-1.000000000000000,167.4144399920309,312.4221962082085,.4662936703425657E-14
863,stable,-1.000000000000000,169.5545750345651,316.5170746498565,.2664535259100376E-14
864,stable,-1.000000000000000,169.7824334923909,316.4093975320544,.8881784197001252E-14
865,stable,-1.000000000000000,169.3818944768924,316.2033872652939,.4884981308350689E-14
866,stable,-1.000000000000000,168.1156224476522,314.0987724008344,.3774758283725532E-14
867,stable,-1.000000000000000,170.9372575436460,318.7384738946605,.3996802888650564E-14
868,stable,-1.000000000000000,165.5944141090201,309.5659805498841,.6661338147750939E-14
869,stable,-1.000000000000000,167.0439270552786,312.2473983510882,.4218847493575595E-14
870,stable,-1.000000000000000,160.9309975683322,301.7398417334803,.5329070518200751E-14
871,stable,-1.000000000000000,166.3517571195384,310.7852036440394,.7105427357601002E-14
872,stable,-1.000000000000000,162.9783741820543,305.3621629261801,.3996802888650564E-14
873,stable,-1.000000000000000,170.8193831079972,318.2194085152668,.4440892098500626E-14
874,stable,-1.000000000000000,166.8896280605866,312.1562192611040,.3774758283725532E-14
875,stable,-1.000000000000000,165.5361653386515,309.5710131754349,.5329070518200751E-14
876,stable,-1.000000000000000,166.4595395262488,310.7481554265435,.6661338147750939E-14
877,stable,-1.000000000000000,167.5677998571861,312.6161384634025,.5107025913275720E-14
878,stable,-1.000000000000000,170.0628325458860,316.6860342852918,.4662936703425657E-14
879,stable,-1.000000000000000,167.3378102655236,312.8381082936978,.4884981308350689E-14
880,stable,-1.000000000000000,168.8297439267382,315.1406155914191,.7105427357601002E-14
881,stable,-1.000000000000000,167.9429965943555,313.1670880242083,.4996003610813204E-14
882,stable,-1.000000000000000,166.8460933327299,311.1297914936092,.8437694987151190E-14
883,stable,-1.000000000000000,165.9730127437799,309.7674994441391,.5107025913275720E-14
884,stable,-1.000000000000000,170.2585980467983,317.5881617145664,.5329070518200751E-14
885,stable,-1.000000000000000,165.5055603209406,309.0700259395118,.5551115123125783E-14
886,stable,-1.000000000000000,168.3520275982511,314.0119538250294,.4996003610813204E-14
887,stable,-1.000000000000000,164.4188247420001,307.3631520036092,.3552713678800501E-14
888,stable,-1.000000000000000,164.9478423462753,308.5401230172358,.5662137425588298E-14
889,stable,-1.000000000000000,165.9855835143614,310.3980186020304,.1776356839400250E-14
890,stable,-1.000000000000000,168.0561434975930,313.7985641390816,.4218847493575595E-14
891,stable,-1.000000000000000,166.5306660073243,311.0499632626555,.4440892098500626E-14
892,stable,-1.000000000000000,170.9768481209339,318.6520818355176,.7327471962526033E-14
893,stable,-1.000000000000000,164.4215658117909,307.4887198802423,.4218847493575595E-14
894,stable,-1.000000000000000,167.1460883206753,312.4872036278750,.7882583474838611E-14
895,stable,-1.000000000000000,167.3107774083600,312.4326872847058,.4440892098500626E-14
896,stable,-1.000000000000000,166.2253310002157,310.2296169084314,.5329070518200751E-14
897,stable,-1.000000000000000,169.0301160930182,315.8129535664368,.4662936703425657E-14
898,stable,-1.000000000000000,166.9182596131143,311.6573284509869,.4107825191113079E-14
899,stable,-1.000000000000000,167.0415422445360,312.1164747190540,.4773959005888173E-14
900,stable,-1.000000000000000,164.2985038678213,307.6251628380844,.5995204332975845E-14
901,stable,-1.000000000000000,168.6048608678420,313.8700541970643,.3108624468950438E-14
902,stable,-1.000000000000000,168.5711516368215,314.3695742179331,.3885780586188048E-14
903,stable,-1.000000000000000,170.5579691109636,317.5334528381456,.8881784197001252E-14
904,stable,-1.000000000000000,165.9676721915988,310.4534690413323,.7105427357601002E-14
905,stable,-1.000000000000000,168.9803377149793,314.7589120152646,.5107025913275720E-14
906,stable,-1.000000000000000,166.1592973913854,310.4340707831760,.5551115123125783E-14
907,stable,-1.000000000000000,168.3121354885295,314.4835533974837,.6217248937900877E-14
908,stable,-1.000000000000000,167.4139845274248,312.7690462158214,.5551115123125783E-14
909,stable,-1.000000000000000,166.1350716609616,310.5804701391969,.3552713678800501E-14
910,stable,-1.000000000000000,167.7580807053423,312.7401505623254,.2664535259100376E-14
911,stable,-1.000000000000000,167.4588641376961,312.4235846859519,.4884981308350689E-14
912,stable,-1.000000000000000,167.2491816582896,312.3841024378935,.2886579864025407E-14
913,stable,-1.000000000000000,165.4674381007210,309.5335589199319,.3774758283725532E-14
914,stable,-1.000000000000000,167.8635970188026,313.8259174520467,.7327471962526033E-14
915,stable,-1.000000000000000,167.8892848123713,313.4526672036475,.6661338147750939E-14
916,stable,-1.000000000000000,165.0722200602310,309.0784717573571,.3996802888650564E-14
917,stable,-1.000000000000000,168.6365055176423,315.0439287081230,.4440892098500626E-14
918,stable,-1.000000000000000,167.0403295714928,311.8395355649664,.6883382752675971E-14
919,stable,-1.000000000000000,168.6369476055778,314.9707713998874,.8881784197001252E-14
920,stable,-1.000000000000000,167.2235614269905,313.0472716032060,.4884981308350689E-14
921,stable,-1.000000000000000,165.2301049653391,309.2884967276975,.3330669073875470E-14
922,stable,-1.000000000000000,168.6860830853149,315.2266911940926,.3552713678800501E-14
923,stable,-1.000000000000000,169.0084854326842,315.5508051681954,.5773159728050814E-14
924,stable,-1.000000000000000,163.3024706465967,305.9032005466280,.4107825191113079E-14
925,stable,-1.000000000000000,165.3155113627305,308.9945952337449,.3996802888650564E-14
926,stable,-1.000000000000000,165.7679649571000,310.1151933776923,.7993605777301127E-14
927,stable,-1.000000000000000,169.6214244554068,316.0923900146124,.4884981308350689E-14
928,stable,-1.000000000000000,166.2235152637330,310.6559425520726,.7216449660063518E-14
929,stable,-1.000000000000000,167.4368137335902,313.3015164623948,.6661338147750939E-14
930,stable,-1.000000000000000,164.6186822146400,308.3422225405398,.3885780586188048E-14
931,stable,-1.000000000000000,170.3694602171741,317.2095834946717,.4440892098500626E-14
932,stable,-1.000000000000000,167.7994341097004,313.5525804332633,.3552713678800501E-14
933,stable,-1.000000000000000,165.8739263100852,309.8571258110919,.4662936703425657E-14
934,stable,-1.000000000000000,165.6468808378119,309.4680123293989,.2886579864025407E-14
935,stable,-1.000000000000000,167.2538326143023,311.8730480080804,.7327471962526033E-14
936,stable,-1.000000000000000,164.4838413255595,307.7536866900687,.5995204332975845E-14
937,stable,-1.000000000000000,165.9638868899159,310.4899803164134,.3441691376337985E-14
938,stable,-1.000000000000000,165.7250360280758,309.8545839273601,.6217248937900877E-14
939,stable,-1.000000000000000,168.4744880054964,314.0306679722742,.4884981308350689E-14
940,stable,-1.000000000000000,165.2759259434823,309.1923540911583,.4884981308350689E-14
941,stable,-1.000000000000000,162.8123790598113,305.1014779227103,.3885780586188048E-14
942,stable,-1.000000000000000,168.8956879305571,314.9283830100061,.5773159728050814E-14
943,stable,-1.000000000000000,166.8517110061622,312.4231250619227,.5329070518200751E-14
944,stable,-1.000000000000000,166.7099288750709,311.3907704001768,.5329070518200751E-14
945,stable,-1.000000000000000,167.0927792121988,311.7514340707014,.5662137425588298E-14
946,stable,-1.000000000000000,170.0453477392921,316.8847619812305,.4218847493575595E-14
947,stable,-1.000000000000000,163.5173273504580,306.5378312706687,.2997602166487923E-14
948,stable,-1.000000000000000,169.6432255767991,316.9267361638146,.5329070518200751E-14
949,stable,-1.000000000000000,169.0424114157380,315.1654975844427,.5773159728050814E-14
950,stable,-1.000000000000000,167.7901128847097,313.0006906445063,.4107825191113079E-14
951,stable,-1.000000000000000,166.5940398901657,311.2212861653608,.7771561172376096E-14
952,stable,-1.000000000000000,169.0303909978282,315.1478841419834,.4218847493575595E-14
953,stable,-1.000000000000000,169.7752909182164,315.9037758558981,.5218048215738236E-14
954,stable,-1.000000000000000,165.3581545359961,309.3896981042556,.7771561172376096E-14
955,stable,-1.000000000000000,169.8783216905590,316.5013749270920,.6217248937900877E-14
956,stable,-1.000000000000000,169.2545254534211,315.7645247377132,.7549516567451064E-14
957,stable,-1.000000000000000,165.1691598497429,308.7629106649467,.4218847493575595E-14
958,stable,-1.000000000000000,165.8079996637196,310.4816294074508,.7549516567451064E-14
959,stable,-1.000000000000000,165.9932713678769,309.9506993154371,.8215650382226158E-14
960,stable,-1.000000000000000,168.7651969097173,315.0082744421180,.5773159728050814E-14
961,stable,-1.000000000000000,164.8634358935981,308.2800566510961,.4440892098500626E-14
962,stable,-1.000000000000000,164.5499275369586,307.8008644513241,.4884981308350689E-14
963,stable,-1.000000000000000,166.8330517572031,312.0219717313943,.4884981308350689E-14
964,stable,-1.000000000000000,167.8760838571093,313.4340804471731,.4107825191113079E-14
965,stable,-1.000000000000000,166.3684797502340,310.6883352038467,.6439293542825908E-14
966,stable,-1.000000000000000,165.9051902539962,310.0734496603233,.3774758283725532E-14
967,stable,-1.000000000000000,168.4108634729309,314.2742030022840,.3996802888650564E-14
968,stable,-1.000000000000000,170.2100486797145,316.6361179021105,.5218048215738236E-14
969,stable,-1.000000000000000,168.6259097222027,314.6106987580661,.3996802888650564E-14
970,stable,-1.000000000000000,168.8063918103276,314.9488125199983,.4884981308350689E-14
971,stable,-1.000000000000000,169.0077641636479,315.1244437821790,.3552713678800501E-14
972,stable,-1.000000000000000,165.8432634259041,310.1057591710328,.6328271240363392E-14
973,stable,-1.000000000000000,169.0614787101727,315.5311912093636,.3552713678800501E-14
974,stable,-1.000000000000000,167.1880293122764,312.1918518792384,.5662137425588298E-14
975,stable,-1.000000000000000,166.5528876042540,311.2455425389466,.3552713678800501E-14
976,stable,-1.000000000000000,170.7824979228071,318.4632372692822,.7327471962526033E-14
977,stable,-1.000000000000000,170.5270672014275,317.5370197472470,.4551914400963142E-14
978,stable,-1.000000000000000,169.7327829174472,316.3185270597103,.3774758283725532E-14
979,stable,-1.000000000000000,167.0368426060784,312.1128624696570,.5329070518200751E-14
980,stable,-1.000000000000000,168.2285641434391,313.8708253445079,.5662137425588298E-14
981,stable,-1.000000000000000,169.2403327331347,315.5115404997168,.8659739592076221E-14
982,stable,-1.000000000000000,164.7090566200351,307.7309999625828,.5995204332975845E-14
983,stable,-1.000000000000000,165.6421717902886,309.3102104800535,.6661338147750939E-14
984,stable,-1.000000000000000,165.2358949561136,309.1875544013460,.5329070518200751E-14
985,stable,-1.000000000000000,163.1228229986336,305.3114379623930,.9325873406851315E-14
986,stable,-1.000000000000000,165.8580991809472,310.3636213049525,.2886579864025407E-14
987,stable,-1.000000000000000,169.1307797502022,315.5430187981959,.7216449660063518E-14
988,stable,-1.000000000000000,164.2789003200533,307.8829283222271,.5662137425588298E-14
989,stable,-1.000000000000000,165.7946133480993,310.3910309734285,.5329070518200751E-14
990,stable,-1.000000000000000,170.1304440962103,317.0023586053796,.4218847493575595E-14
991,stable,-1.000000000000000,165.8667204861516,309.6428928592659,.5440092820663267E-14
992,stable,-1.000000000000000,168.2167117407815,314.2853122342179,.7105427357601002E-14
993,stable,-1.000000000000000,169.8905042215745,316.9685309944275,.6883382752675971E-14
994,stable,-1.000000000000000,166.0484175896502,310.3470879681087,.8881784197001252E-14
995,stable,-1.000000000000000,165.2582373371820,309.0047990252173,.7549516567451064E-14
996,stable,-1.000000000000000,168.4532975348787,314.6150839907629,.4440892098500626E-14
997,stable,-1.000000000000000,168.5079928932793,314.2868729802427,.3330669073875470E-14
998,stable,-1.000000000000000,166.0281682359998,310.6808937891358,.3552713678800501E-14
999,stable,-1.000000000000000,163.8013456285863,306.2965330670143,.3552713678800501E-14
1000,stable,-1.000000000000000,165.5062618504695,308.9740040573724,.6439293542825908E-14
